Hour,Pc,Pc_renewable,Pc_grid
0,27.21225903518723,27.21225903518723,0.0
1,0.0,0.0,0.0
2,0.0,0.0,0.0
3,0.0,0.0,0.0
4,220.12816649672766,220.12816649672766,0.0
5,250.0,250.0,0.0
6,0.0,0.0,0.0
7,0.0,0.0,0.0
8,0.0,0.0,0.0
9,0.0,0.0,0.0
10,0.0,0.0,0.0
11,0.0,0.0,0.0
12,0.0,0.0,0.0
13,0.0,0.0,0.0
14,0.0,0.0,0.0
15,0.0,0.0,0.0
16,0.0,0.0,0.0
17,0.0,0.0,0.0
18,0.0,0.0,0.0
19,0.0,0.0,0.0
20,0.0,0.0,0.0
21,0.0,0.0,0.0
22,60.14985057608763,60.14985057608763,0.0
23,54.37596989001304,54.37596989001304,0.0
24,43.60321974638026,43.60321974638026,0.0
25,64.79456227086746,64.79456227086746,0.0
26,90.9061847506942,90.9061847506942,0.0
27,0.0,0.0,0.0
28,250.0,250.0,0.0
29,250.0,250.0,0.0
30,0.0,0.0,0.0
31,0.0,0.0,0.0
32,0.0,0.0,0.0
33,0.0,0.0,0.0
34,0.0,0.0,0.0
35,0.0,0.0,0.0
36,0.0,0.0,0.0
37,0.0,0.0,0.0
38,0.0,0.0,0.0
39,0.0,0.0,0.0
40,0.0,0.0,0.0
41,0.0,0.0,0.0
42,0.0,0.0,0.0
43,0.0,0.0,0.0
44,0.0,0.0,0.0
45,0.0,0.0,0.0
46,59.518479047859785,59.518479047859785,0.0
47,0.0,0.0,0.0
48,23.660495303700145,23.660495303700145,0.0
49,64.92797913717067,64.92797913717067,0.0
50,104.87466096693174,104.87466096693174,0.0
51,160.37185648412242,160.37185648412242,0.0
52,150.47631629425783,150.47631629425783,0.0
53,250.0,250.0,0.0
54,0.0,0.0,0.0
55,0.0,0.0,0.0
56,0.0,0.0,0.0
57,0.0,0.0,0.0
58,0.0,0.0,0.0
59,0.0,0.0,0.0
60,0.0,0.0,0.0
61,0.0,0.0,0.0
62,0.0,0.0,0.0
63,0.0,0.0,0.0
64,0.0,0.0,0.0
65,0.0,0.0,0.0
66,0.0,0.0,0.0
67,0.0,0.0,0.0
68,0.0,0.0,0.0
69,0.0,0.0,0.0
70,75.92814872800432,75.92814872800432,0.0
71,29.654847619707276,29.654847619707276,0.0
72,0.0,0.0,0.0
73,64.3236798749574,64.3236798749574,0.0
74,0.0,0.0,0.0
75,162.74981173833515,162.74981173833515,0.0
76,231.17329927303842,231.17329927303842,0.0
77,250.0,250.0,0.0
78,0.0,0.0,0.0
79,0.0,0.0,0.0
80,0.0,0.0,0.0
81,0.0,0.0,0.0
82,0.0,0.0,0.0
83,0.0,0.0,0.0
84,0.0,0.0,0.0
85,0.0,0.0,0.0
86,0.0,0.0,0.0
87,0.0,0.0,0.0
88,0.0,0.0,0.0
89,0.0,0.0,0.0
90,0.0,0.0,0.0
91,0.0,0.0,0.0
92,0.0,0.0,0.0
93,0.0,0.0,0.0
94,74.72926900111446,74.72926900111446,0.0
95,29.717392676498207,29.717392676498207,0.0
96,0.0,0.0,0.0
97,0.0,0.0,0.0
98,99.02427887636543,99.02427887636543,0.0
99,127.64670894382303,127.64670894382303,0.0
100,232.71213773624146,232.71213773624146,0.0
101,250.0,250.0,0.0
102,0.0,0.0,0.0
103,0.0,0.0,0.0
104,0.0,0.0,0.0
105,0.0,0.0,0.0
106,0.0,0.0,0.0
107,0.0,0.0,0.0
108,0.0,0.0,0.0
109,0.0,0.0,0.0
110,0.0,0.0,0.0
111,0.0,0.0,0.0
112,0.0,0.0,0.0
113,0.0,0.0,0.0
114,0.0,0.0,0.0
115,0.0,0.0,0.0
116,0.0,0.0,0.0
117,0.0,0.0,0.0
118,0.0,0.0,0.0
119,43.8637497715701,43.8637497715701,0.0
120,57.70146713675928,57.70146713675928,0.0
121,65.82265466925708,65.82265466925708,0.0
122,33.07309618644872,33.07309618644872,0.0
123,147.2263971622416,147.2263971622416,0.0
124,216.1424223077658,216.1424223077658,0.0
125,250.0,250.0,0.0
126,0.0,0.0,0.0
127,0.0,0.0,0.0
128,0.0,0.0,0.0
129,0.0,0.0,0.0
130,0.0,0.0,0.0
131,0.0,0.0,0.0
132,0.0,0.0,0.0
133,0.0,0.0,0.0
134,0.0,0.0,0.0
135,0.0,0.0,0.0
136,0.0,0.0,0.0
137,0.0,0.0,0.0
138,0.0,0.0,0.0
139,0.0,0.0,0.0
140,0.0,0.0,0.0
141,0.0,0.0,0.0
142,57.899991578890535,57.899991578890535,0.0
143,46.41147149632542,46.41147149632542,0.0
144,47.47363184191636,47.47363184191636,0.0
145,80.49848118936376,80.49848118936376,0.0
146,96.00853682968062,96.00853682968062,0.0
147,147.28918170714508,147.28918170714508,0.0
148,88.24849259072083,88.24849259072083,0.0
149,250.0,250.0,0.0
150,0.0,0.0,0.0
151,0.0,0.0,0.0
152,0.0,0.0,0.0
153,0.0,0.0,0.0
154,0.0,0.0,0.0
155,0.0,0.0,0.0
156,0.0,0.0,0.0
157,0.0,0.0,0.0
158,0.0,0.0,0.0
159,0.0,0.0,0.0
160,0.0,0.0,0.0
161,0.0,0.0,0.0
162,0.0,0.0,0.0
163,0.0,0.0,0.0
164,0.0,0.0,0.0
165,0.0,0.0,0.0
166,69.78388909750925,69.78388909750925,0.0
167,55.01098755364535,55.01098755364535,0.0
168,0.0,0.0,0.0
169,0.0,0.0,0.0
170,51.81003052025998,51.81003052025998,0.0
171,144.44034511269456,144.44034511269456,0.0
172,242.78453494993346,242.78453494993346,0.0
173,250.0,250.0,0.0
174,0.0,0.0,0.0
175,0.0,0.0,0.0
176,0.0,0.0,0.0
177,0.0,0.0,0.0
178,0.0,0.0,0.0
179,0.0,0.0,0.0
180,0.0,0.0,0.0
181,0.0,0.0,0.0
182,0.0,0.0,0.0
183,0.0,0.0,0.0
184,0.0,0.0,0.0
185,0.0,0.0,0.0
186,0.0,0.0,0.0
187,0.0,0.0,0.0
188,0.0,0.0,0.0
189,0.0,0.0,0.0
190,67.43858039296543,67.43858039296543,0.0
191,49.64011501105489,49.64011501105489,0.0
192,24.98172022780608,24.98172022780608,0.0
193,59.55992280575197,59.55992280575197,0.0
194,107.80378901227573,107.80378901227573,0.0
195,165.81839332443496,165.81839332443496,0.0
196,88.58726645975345,88.58726645975345,0.0
197,250.0,250.0,0.0
198,0.0,0.0,0.0
199,0.0,0.0,0.0
200,0.0,0.0,0.0
201,0.0,0.0,0.0
202,0.0,0.0,0.0
203,0.0,0.0,0.0
204,0.0,0.0,0.0
205,0.0,0.0,0.0
206,0.0,0.0,0.0
207,0.0,0.0,0.0
208,0.0,0.0,0.0
209,0.0,0.0,0.0
210,0.0,0.0,0.0
211,0.0,0.0,0.0
212,0.0,0.0,0.0
213,0.0,0.0,0.0
214,59.578423296433016,59.578423296433016,0.0
215,38.492877483981374,38.492877483981374,0.0
216,53.39582852547568,53.39582852547568,0.0
217,27.52259133735679,27.52259133735679,0.0
218,0.0,0.0,0.0
219,158.98275447705697,158.98275447705697,0.0
220,225.85731211373877,225.85731211373877,0.0
221,250.0,250.0,0.0
222,0.0,0.0,0.0
223,0.0,0.0,0.0
224,0.0,0.0,0.0
225,0.0,0.0,0.0
226,0.0,0.0,0.0
227,0.0,0.0,0.0
228,0.0,0.0,0.0
229,0.0,0.0,0.0
230,0.0,0.0,0.0
231,0.0,0.0,0.0
232,0.0,0.0,0.0
233,0.0,0.0,0.0
234,0.0,0.0,0.0
235,0.0,0.0,0.0
236,0.0,0.0,0.0
237,0.0,0.0,0.0
238,0.0,0.0,0.0
239,0.0,0.0,0.0
240,0.0,0.0,0.0
241,59.85814763434735,59.85814763434735,0.0
242,111.19748306481148,111.19748306481148,0.0
243,160.07756288054068,160.07756288054068,0.0
244,232.69659365434302,232.69659365434302,0.0
245,250.0,250.0,0.0
246,0.0,0.0,0.0
247,0.0,0.0,0.0
248,0.0,0.0,0.0
249,0.0,0.0,0.0
250,0.0,0.0,0.0
251,0.0,0.0,0.0
252,0.0,0.0,0.0
253,0.0,0.0,0.0
254,0.0,0.0,0.0
255,0.0,0.0,0.0
256,0.0,0.0,0.0
257,0.0,0.0,0.0
258,0.0,0.0,0.0
259,0.0,0.0,0.0
260,0.0,0.0,0.0
261,0.0,0.0,0.0
262,52.13787469120507,52.13787469120507,0.0
263,48.40833375991281,48.40833375991281,0.0
264,43.63430765069114,43.63430765069114,0.0
265,0.0,0.0,0.0
266,39.610756119368354,39.610756119368354,0.0
267,154.3288694753403,154.3288694753403,0.0
268,225.70964553752492,225.70964553752492,0.0
269,250.0,250.0,0.0
270,0.0,0.0,0.0
271,0.0,0.0,0.0
272,0.0,0.0,0.0
273,0.0,0.0,0.0
274,0.0,0.0,0.0
275,0.0,0.0,0.0
276,0.0,0.0,0.0
277,0.0,0.0,0.0
278,0.0,0.0,0.0
279,0.0,0.0,0.0
280,0.0,0.0,0.0
281,0.0,0.0,0.0
282,0.0,0.0,0.0
283,0.0,0.0,0.0
284,0.0,0.0,0.0
285,0.0,0.0,0.0
286,64.94341094211768,64.94341094211768,0.0
287,60.305351688989276,60.305351688989276,0.0
288,45.39853126090054,45.39853126090054,0.0
289,53.38351881039159,53.38351881039159,0.0
290,110.39433478993794,110.39433478993794,0.0
291,152.02939509843816,152.02939509843816,0.0
292,77.37524464326735,77.37524464326735,0.0
293,250.0,250.0,0.0
294,0.0,0.0,0.0
295,0.0,0.0,0.0
296,0.0,0.0,0.0
297,0.0,0.0,0.0
298,0.0,0.0,0.0
299,0.0,0.0,0.0
300,0.0,0.0,0.0
301,0.0,0.0,0.0
302,0.0,0.0,0.0
303,0.0,0.0,0.0
304,0.0,0.0,0.0
305,0.0,0.0,0.0
306,0.0,0.0,0.0
307,0.0,0.0,0.0
308,0.0,0.0,0.0
309,0.0,0.0,0.0
310,0.0,0.0,0.0
311,0.0,0.0,0.0
312,34.8520478610464,34.8520478610464,0.0
313,83.54351925297152,83.54351925297152,0.0
314,114.72503538185975,114.72503538185975,0.0
315,162.87538004341684,162.87538004341684,0.0
316,167.83380469474807,167.83380469474807,0.0
317,250.0,250.0,0.0
318,0.0,0.0,0.0
319,0.0,0.0,0.0
320,0.0,0.0,0.0
321,0.0,0.0,0.0
322,0.0,0.0,0.0
323,0.0,0.0,0.0
324,0.0,0.0,0.0
325,0.0,0.0,0.0
326,0.0,0.0,0.0
327,0.0,0.0,0.0
328,0.0,0.0,0.0
329,0.0,0.0,0.0
330,0.0,0.0,0.0
331,0.0,0.0,0.0
332,0.0,0.0,0.0
333,0.0,0.0,0.0
334,71.43984206523157,71.43984206523157,0.0
335,37.90376496669762,37.90376496669762,0.0
336,35.030801821366595,35.030801821366595,0.0
337,70.05274636584966,70.05274636584966,0.0
338,109.9140213073834,109.9140213073834,0.0
339,154.8468398127995,154.8468398127995,0.0
340,84.64177089471428,84.64177089471428,0.0
341,250.0,250.0,0.0
342,0.0,0.0,0.0
343,0.0,0.0,0.0
344,0.0,0.0,0.0
345,0.0,0.0,0.0
346,0.0,0.0,0.0
347,0.0,0.0,0.0
348,0.0,0.0,0.0
349,0.0,0.0,0.0
350,0.0,0.0,0.0
351,0.0,0.0,0.0
352,0.0,0.0,0.0
353,0.0,0.0,0.0
354,0.0,0.0,0.0
355,0.0,0.0,0.0
356,0.0,0.0,0.0
357,0.0,0.0,0.0
358,0.0,0.0,0.0
359,42.11171334016461,42.11171334016461,0.0
360,42.70167855153653,42.70167855153653,0.0
361,0.0,0.0,0.0
362,119.41793919206731,119.41793919206731,0.0
363,145.41455526391076,145.41455526391076,0.0
364,214.1839008863634,214.1839008863634,0.0
365,250.0,250.0,0.0
366,0.0,0.0,0.0
367,0.0,0.0,0.0
368,0.0,0.0,0.0
369,0.0,0.0,0.0
370,0.0,0.0,0.0
371,0.0,0.0,0.0
372,0.0,0.0,0.0
373,0.0,0.0,0.0
374,0.0,0.0,0.0
375,0.0,0.0,0.0
376,0.0,0.0,0.0
377,0.0,0.0,0.0
378,0.0,0.0,0.0
379,0.0,0.0,0.0
380,0.0,0.0,0.0
381,0.0,0.0,0.0
382,78.6855731737403,78.6855731737403,0.0
383,56.173911467767084,56.173911467767084,0.0
384,42.63950326099041,42.63950326099041,0.0
385,0.0,0.0,0.0
386,17.77074896885453,17.77074896885453,0.0
387,158.40199985626936,158.40199985626936,0.0
388,210.15805050642092,210.15805050642092,0.0
389,250.0,250.0,0.0
390,0.0,0.0,0.0
391,0.0,0.0,0.0
392,0.0,0.0,0.0
393,0.0,0.0,0.0
394,0.0,0.0,0.0
395,0.0,0.0,0.0
396,0.0,0.0,0.0
397,0.0,0.0,0.0
398,0.0,0.0,0.0
399,0.0,0.0,0.0
400,0.0,0.0,0.0
401,0.0,0.0,0.0
402,0.0,0.0,0.0
403,0.0,0.0,0.0
404,0.0,0.0,0.0
405,0.0,0.0,0.0
406,53.54655816426384,53.54655816426384,0.0
407,46.809313377995295,46.809313377995295,0.0
408,52.54869019178426,52.54869019178426,0.0
409,75.4914347558435,75.4914347558435,0.0
410,0.0,0.0,0.0
411,137.36926520283504,137.36926520283504,0.0
412,198.06452554132068,198.06452554132068,0.0
413,250.0,250.0,0.0
414,0.0,0.0,0.0
415,0.0,0.0,0.0
416,0.0,0.0,0.0
417,0.0,0.0,0.0
418,0.0,0.0,0.0
419,0.0,0.0,0.0
420,0.0,0.0,0.0
421,0.0,0.0,0.0
422,0.0,0.0,0.0
423,0.0,0.0,0.0
424,0.0,0.0,0.0
425,0.0,0.0,0.0
426,0.0,0.0,0.0
427,0.0,0.0,0.0
428,0.0,0.0,0.0
429,0.0,0.0,0.0
430,45.1918635768543,45.1918635768543,0.0
431,0.0,0.0,0.0
432,0.0,0.0,0.0
433,0.0,0.0,0.0
434,106.32284556894841,106.32284556894841,0.0
435,166.32851588805312,166.32851588805312,0.0
436,245.98656220018677,245.98656220018677,0.0
437,250.0,250.0,0.0
438,0.0,0.0,0.0
439,0.0,0.0,0.0
440,0.0,0.0,0.0
441,0.0,0.0,0.0
442,0.0,0.0,0.0
443,0.0,0.0,0.0
444,0.0,0.0,0.0
445,0.0,0.0,0.0
446,0.0,0.0,0.0
447,0.0,0.0,0.0
448,0.0,0.0,0.0
449,0.0,0.0,0.0
450,0.0,0.0,0.0
451,0.0,0.0,0.0
452,0.0,0.0,0.0
453,0.0,0.0,0.0
454,34.98224014521347,34.98224014521347,0.0
455,34.1701668821471,34.1701668821471,0.0
456,0.0,0.0,0.0
457,0.0,0.0,0.0
458,111.51244333212753,111.51244333212753,0.0
459,148.1367695320783,148.1367695320783,0.0
460,235.0281673424762,235.0281673424762,0.0
461,250.0,250.0,0.0
462,0.0,0.0,0.0
463,0.0,0.0,0.0
464,0.0,0.0,0.0
465,0.0,0.0,0.0
466,0.0,0.0,0.0
467,0.0,0.0,0.0
468,0.0,0.0,0.0
469,0.0,0.0,0.0
470,0.0,0.0,0.0
471,0.0,0.0,0.0
472,0.0,0.0,0.0
473,0.0,0.0,0.0
474,0.0,0.0,0.0
475,0.0,0.0,0.0
476,0.0,0.0,0.0
477,0.0,0.0,0.0
478,0.0,0.0,0.0
479,0.0,0.0,0.0
480,0.0,0.0,0.0
481,60.34645581630624,60.34645581630624,0.0
482,102.80379867243346,102.80379867243346,0.0
483,150.67953274530288,150.67953274530288,0.0
484,250.0,250.0,0.0
485,250.0,250.0,0.0
486,0.0,0.0,0.0
487,0.0,0.0,0.0
488,0.0,0.0,0.0
489,0.0,0.0,0.0
490,0.0,0.0,0.0
491,0.0,0.0,0.0
492,0.0,0.0,0.0
493,0.0,0.0,0.0
494,0.0,0.0,0.0
495,0.0,0.0,0.0
496,0.0,0.0,0.0
497,0.0,0.0,0.0
498,0.0,0.0,0.0
499,0.0,0.0,0.0
500,0.0,0.0,0.0
501,0.0,0.0,0.0
502,0.0,0.0,0.0
503,53.595586482113845,53.595586482113845,0.0
504,52.27667303660701,52.27667303660701,0.0
505,0.0,0.0,0.0
506,110.88252332237613,110.88252332237613,0.0
507,124.43526412943402,124.43526412943402,0.0
508,222.63974026351156,222.63974026351156,0.0
509,250.0,250.0,0.0
510,0.0,0.0,0.0
511,0.0,0.0,0.0
512,0.0,0.0,0.0
513,0.0,0.0,0.0
514,0.0,0.0,0.0
515,0.0,0.0,0.0
516,0.0,0.0,0.0
517,0.0,0.0,0.0
518,0.0,0.0,0.0
519,0.0,0.0,0.0
520,0.0,0.0,0.0
521,0.0,0.0,0.0
522,0.0,0.0,0.0
523,0.0,0.0,0.0
524,0.0,0.0,0.0
525,0.0,0.0,0.0
526,63.639628967530825,63.639628967530825,0.0
527,35.02705844229109,35.02705844229109,0.0
528,51.93470867956535,51.93470867956535,0.0
529,0.0,0.0,0.0
530,109.70929677933333,109.70929677933333,0.0
531,68.28108541422708,68.28108541422708,0.0
532,235.23800895109486,235.23800895109486,0.0
533,250.0,250.0,0.0
534,0.0,0.0,0.0
535,0.0,0.0,0.0
536,0.0,0.0,0.0
537,0.0,0.0,0.0
538,0.0,0.0,0.0
539,0.0,0.0,0.0
540,0.0,0.0,0.0
541,0.0,0.0,0.0
542,0.0,0.0,0.0
543,0.0,0.0,0.0
544,0.0,0.0,0.0
545,0.0,0.0,0.0
546,0.0,0.0,0.0
547,0.0,0.0,0.0
548,0.0,0.0,0.0
549,0.0,0.0,0.0
550,0.0,0.0,0.0
551,36.840301395492475,36.840301395492475,0.0
552,57.84913371084423,57.84913371084423,0.0
553,1.010430306924244,1.010430306924244,0.0
554,70.52039817267377,70.52039817267377,0.0
555,161.40779742061585,161.40779742061585,0.0
556,236.20172622749203,236.20172622749203,0.0
557,250.0,250.0,0.0
558,0.0,0.0,0.0
559,0.0,0.0,0.0
560,0.0,0.0,0.0
561,0.0,0.0,0.0
562,0.0,0.0,0.0
563,0.0,0.0,0.0
564,0.0,0.0,0.0
565,0.0,0.0,0.0
566,0.0,0.0,0.0
567,0.0,0.0,0.0
568,0.0,0.0,0.0
569,0.0,0.0,0.0
570,0.0,0.0,0.0
571,0.0,0.0,0.0
572,0.0,0.0,0.0
573,0.0,0.0,0.0
574,59.771607628452095,59.771607628452095,0.0
575,43.779590804100735,43.779590804100735,0.0
576,32.04638761611318,32.04638761611318,0.0
577,0.0,0.0,0.0
578,81.1502988621096,81.1502988621096,0.0
579,134.71662897063572,134.71662897063572,0.0
580,212.36527335263122,212.36527335263122,0.0
581,250.0,250.0,0.0
582,0.0,0.0,0.0
583,0.0,0.0,0.0
584,0.0,0.0,0.0
585,0.0,0.0,0.0
586,0.0,0.0,0.0
587,0.0,0.0,0.0
588,0.0,0.0,0.0
589,0.0,0.0,0.0
590,0.0,0.0,0.0
591,0.0,0.0,0.0
592,0.0,0.0,0.0
593,0.0,0.0,0.0
594,0.0,0.0,0.0
595,0.0,0.0,0.0
596,0.0,0.0,0.0
597,0.0,0.0,0.0
598,0.0,0.0,0.0
599,0.0,0.0,0.0
600,0.0,0.0,0.0
601,70.83754992307456,70.83754992307456,0.0
602,105.19408193292776,105.19408193292776,0.0
603,171.49252293023784,171.49252293023784,0.0
604,216.3056324478024,216.3056324478024,0.0
605,250.0,250.0,0.0
606,0.0,0.0,0.0
607,0.0,0.0,0.0
608,0.0,0.0,0.0
609,0.0,0.0,0.0
610,0.0,0.0,0.0
611,0.0,0.0,0.0
612,0.0,0.0,0.0
613,0.0,0.0,0.0
614,0.0,0.0,0.0
615,0.0,0.0,0.0
616,0.0,0.0,0.0
617,0.0,0.0,0.0
618,0.0,0.0,0.0
619,0.0,0.0,0.0
620,0.0,0.0,0.0
621,0.0,0.0,0.0
622,67.7457928874939,67.7457928874939,0.0
623,26.955448380459018,26.955448380459018,0.0
624,57.67037949148619,57.67037949148619,0.0
625,77.89293364095192,77.89293364095192,0.0
626,98.74868913453963,98.74868913453963,0.0
627,8.60949583004658,8.60949583004658,0.0
628,226.20704786906538,226.20704786906538,0.0
629,250.0,250.0,0.0
630,0.0,0.0,0.0
631,0.0,0.0,0.0
632,0.0,0.0,0.0
633,0.0,0.0,0.0
634,0.0,0.0,0.0
635,0.0,0.0,0.0
636,0.0,0.0,0.0
637,0.0,0.0,0.0
638,0.0,0.0,0.0
639,0.0,0.0,0.0
640,0.0,0.0,0.0
641,0.0,0.0,0.0
642,0.0,0.0,0.0
643,0.0,0.0,0.0
644,0.0,0.0,0.0
645,0.0,0.0,0.0
646,0.0,0.0,0.0
647,54.077588096258125,54.077588096258125,0.0
648,42.934835632046884,42.934835632046884,0.0
649,0.0,0.0,0.0
650,61.95252537253128,61.95252537253128,0.0
651,185.87012381243824,185.87012381243824,0.0
652,218.99471432076803,218.99471432076803,0.0
653,250.0,250.0,0.0
654,0.0,0.0,0.0
655,0.0,0.0,0.0
656,0.0,0.0,0.0
657,0.0,0.0,0.0
658,0.0,0.0,0.0
659,0.0,0.0,0.0
660,0.0,0.0,0.0
661,0.0,0.0,0.0
662,0.0,0.0,0.0
663,0.0,0.0,0.0
664,0.0,0.0,0.0
665,0.0,0.0,0.0
666,0.0,0.0,0.0
667,0.0,0.0,0.0
668,0.0,0.0,0.0
669,0.0,0.0,0.0
670,0.0,0.0,0.0
671,4.164952709217664,4.164952709217664,0.0
672,59.41905927905907,59.41905927905907,0.0
673,0.0,0.0,0.0
674,95.3313725567574,95.3313725567574,0.0
675,173.35250758541628,173.35250758541628,0.0
676,231.56189510359224,231.56189510359224,0.0
677,250.0,250.0,0.0
678,0.0,0.0,0.0
679,0.0,0.0,0.0
680,0.0,0.0,0.0
681,0.0,0.0,0.0
682,0.0,0.0,0.0
683,0.0,0.0,0.0
684,0.0,0.0,0.0
685,0.0,0.0,0.0
686,0.0,0.0,0.0
687,0.0,0.0,0.0
688,0.0,0.0,0.0
689,0.0,0.0,0.0
690,0.0,0.0,0.0
691,0.0,0.0,0.0
692,0.0,0.0,0.0
693,0.0,0.0,0.0
694,0.0,0.0,0.0
695,56.984897881562574,56.984897881562574,0.0
696,47.91663052801994,47.91663052801994,0.0
697,40.82666163321733,40.82666163321733,0.0
698,90.23689500277368,90.23689500277368,0.0
699,112.65490925234154,112.65490925234154,0.0
700,215.20979293612754,215.20979293612754,0.0
701,250.0,250.0,0.0
702,0.0,0.0,0.0
703,0.0,0.0,0.0
704,0.0,0.0,0.0
705,0.0,0.0,0.0
706,0.0,0.0,0.0
707,0.0,0.0,0.0
708,0.0,0.0,0.0
709,0.0,0.0,0.0
710,0.0,0.0,0.0
711,0.0,0.0,0.0
712,0.0,0.0,0.0
713,0.0,0.0,0.0
714,0.0,0.0,0.0
715,0.0,0.0,0.0
716,0.0,0.0,0.0
717,0.0,0.0,0.0
718,0.0,0.0,0.0
719,0.0,0.0,0.0
720,39.23210890045028,39.23210890045028,0.0
721,0.0,0.0,0.0
722,116.37857514501678,116.37857514501678,0.0
723,177.52766216517892,177.52766216517892,0.0
724,230.69144102339658,230.69144102339658,0.0
725,250.0,250.0,0.0
726,0.0,0.0,0.0
727,0.0,0.0,0.0
728,0.0,0.0,0.0
729,0.0,0.0,0.0
730,0.0,0.0,0.0
731,0.0,0.0,0.0
732,0.0,0.0,0.0
733,0.0,0.0,0.0
734,0.0,0.0,0.0
735,0.0,0.0,0.0
736,0.0,0.0,0.0
737,0.0,0.0,0.0
738,0.0,0.0,0.0
739,0.0,0.0,0.0
740,0.0,0.0,0.0
741,0.0,0.0,0.0
742,54.32583039881604,54.32583039881604,0.0
743,0.0,0.0,0.0
744,0.0,0.0,0.0
745,0.0,0.0,0.0
746,107.74079727374095,107.74079727374095,0.0
747,159.47602720213027,159.47602720213027,0.0
748,242.28713235935538,242.28713235935538,0.0
749,250.0,250.0,0.0
750,0.0,0.0,0.0
751,0.0,0.0,0.0
752,0.0,0.0,0.0
753,0.0,0.0,0.0
754,0.0,0.0,0.0
755,0.0,0.0,0.0
756,0.0,0.0,0.0
757,0.0,0.0,0.0
758,0.0,0.0,0.0
759,0.0,0.0,0.0
760,0.0,0.0,0.0
761,0.0,0.0,0.0
762,0.0,0.0,0.0
763,0.0,0.0,0.0
764,0.0,0.0,0.0
765,0.0,0.0,0.0
766,67.4310868936281,67.4310868936281,0.0
767,66.18882834161684,66.18882834161684,0.0
768,41.47371656324998,41.47371656324998,0.0
769,68.78136460314522,68.78136460314522,0.0
770,134.75649169195458,134.75649169195458,0.0
771,153.85013905338639,153.85013905338639,0.0
772,31.348160087061462,31.348160087061462,0.0
773,250.0,250.0,0.0
774,0.0,0.0,0.0
775,0.0,0.0,0.0
776,0.0,0.0,0.0
777,0.0,0.0,0.0
778,0.0,0.0,0.0
779,0.0,0.0,0.0
780,0.0,0.0,0.0
781,0.0,0.0,0.0
782,0.0,0.0,0.0
783,0.0,0.0,0.0
784,0.0,0.0,0.0
785,0.0,0.0,0.0
786,0.0,0.0,0.0
787,0.0,0.0,0.0
788,0.0,0.0,0.0
789,0.0,0.0,0.0
790,60.90468452032337,60.90468452032337,0.0
791,43.565368232816866,43.565368232816866,0.0
792,39.00224824596461,39.00224824596461,0.0
793,0.0,0.0,0.0
794,96.28412657150642,96.28412657150642,0.0
795,86.30170758605287,86.30170758605287,0.0
796,237.77165207737846,237.77165207737846,0.0
797,250.0,250.0,0.0
798,0.0,0.0,0.0
799,0.0,0.0,0.0
800,0.0,0.0,0.0
801,0.0,0.0,0.0
802,0.0,0.0,0.0
803,0.0,0.0,0.0
804,0.0,0.0,0.0
805,0.0,0.0,0.0
806,0.0,0.0,0.0
807,0.0,0.0,0.0
808,0.0,0.0,0.0
809,0.0,0.0,0.0
810,0.0,0.0,0.0
811,0.0,0.0,0.0
812,0.0,0.0,0.0
813,0.0,0.0,0.0
814,0.0,0.0,0.0
815,0.0,0.0,0.0
816,41.2405589646641,41.2405589646641,0.0
817,63.92343032234771,63.92343032234771,0.0
818,125.78800529067843,125.78800529067843,0.0
819,82.87779265635233,82.87779265635233,0.0
820,250.0,250.0,0.0
821,250.0,250.0,0.0
822,0.0,0.0,0.0
823,0.0,0.0,0.0
824,0.0,0.0,0.0
825,0.0,0.0,0.0
826,0.0,0.0,0.0
827,0.0,0.0,0.0
828,0.0,0.0,0.0
829,0.0,0.0,0.0
830,0.0,0.0,0.0
831,0.0,0.0,0.0
832,0.0,0.0,0.0
833,0.0,0.0,0.0
834,0.0,0.0,0.0
835,0.0,0.0,0.0
836,0.0,0.0,0.0
837,0.0,0.0,0.0
838,0.0,0.0,0.0
839,43.733686167755536,43.733686167755536,0.0
840,0.0,0.0,0.0
841,74.75371915047708,74.75371915047708,0.0
842,124.66202301080745,124.66202301080745,0.0
843,110.38241373379809,110.38241373379809,0.0
844,210.29794517120445,210.29794517120445,0.0
845,250.0,250.0,0.0
846,0.0,0.0,0.0
847,0.0,0.0,0.0
848,0.0,0.0,0.0
849,0.0,0.0,0.0
850,0.0,0.0,0.0
851,0.0,0.0,0.0
852,0.0,0.0,0.0
853,0.0,0.0,0.0
854,0.0,0.0,0.0
855,0.0,0.0,0.0
856,0.0,0.0,0.0
857,0.0,0.0,0.0
858,0.0,0.0,0.0
859,0.0,0.0,0.0
860,0.0,0.0,0.0
861,0.0,0.0,0.0
862,76.84978771003983,76.84978771003983,0.0
863,48.50779435783113,48.50779435783113,0.0
864,50.986536016812124,50.986536016812124,0.0
865,64.44924844411344,64.44924844411344,0.0
866,121.90612296814498,121.90612296814498,0.0
867,160.12856738622497,160.12856738622497,0.0
868,41.00173035087616,41.00173035087616,0.0
869,250.0,250.0,0.0
870,0.0,0.0,0.0
871,0.0,0.0,0.0
872,0.0,0.0,0.0
873,0.0,0.0,0.0
874,0.0,0.0,0.0
875,0.0,0.0,0.0
876,0.0,0.0,0.0
877,0.0,0.0,0.0
878,0.0,0.0,0.0
879,0.0,0.0,0.0
880,0.0,0.0,0.0
881,0.0,0.0,0.0
882,0.0,0.0,0.0
883,0.0,0.0,0.0
884,0.0,0.0,0.0
885,0.0,0.0,0.0
886,69.07954711123818,69.07954711123818,0.0
887,70.03718865453465,70.03718865453465,0.0
888,0.0,0.0,0.0
889,85.78020939106267,85.78020939106267,0.0
890,93.97704479823227,93.97704479823227,0.0
891,15.63221292635197,15.63221292635197,0.0
892,229.3235843526228,229.3235843526228,0.0
893,250.0,250.0,0.0
894,0.0,0.0,0.0
895,0.0,0.0,0.0
896,0.0,0.0,0.0
897,0.0,0.0,0.0
898,0.0,0.0,0.0
899,0.0,0.0,0.0
900,0.0,0.0,0.0
901,0.0,0.0,0.0
902,0.0,0.0,0.0
903,0.0,0.0,0.0
904,0.0,0.0,0.0
905,0.0,0.0,0.0
906,0.0,0.0,0.0
907,0.0,0.0,0.0
908,0.0,0.0,0.0
909,0.0,0.0,0.0
910,0.0,0.0,0.0
911,33.29032338633294,33.29032338633294,0.0
912,41.32605024820282,41.32605024820282,0.0
913,0.0,0.0,0.0
914,126.53603530225831,126.53603530225831,0.0
915,164.56270739629224,164.56270739629224,0.0
916,198.11467090095627,198.11467090095627,0.0
917,250.0,250.0,0.0
918,0.0,0.0,0.0
919,0.0,0.0,0.0
920,0.0,0.0,0.0
921,0.0,0.0,0.0
922,0.0,0.0,0.0
923,0.0,0.0,0.0
924,0.0,0.0,0.0
925,0.0,0.0,0.0
926,0.0,0.0,0.0
927,0.0,0.0,0.0
928,0.0,0.0,0.0
929,0.0,0.0,0.0
930,0.0,0.0,0.0
931,0.0,0.0,0.0
932,0.0,0.0,0.0
933,0.0,0.0,0.0
934,54.28087264943406,54.28087264943406,0.0
935,47.658554377916516,47.658554377916516,0.0
936,45.196462084701125,45.196462084701125,0.0
937,71.02590277680855,71.02590277680855,0.0
938,120.1659689412067,120.1659689412067,0.0
939,0.0,0.0,0.0
940,225.50202640397566,225.50202640397566,0.0
941,250.0,250.0,0.0
942,0.0,0.0,0.0
943,0.0,0.0,0.0
944,0.0,0.0,0.0
945,0.0,0.0,0.0
946,0.0,0.0,0.0
947,0.0,0.0,0.0
948,0.0,0.0,0.0
949,0.0,0.0,0.0
950,0.0,0.0,0.0
951,0.0,0.0,0.0
952,0.0,0.0,0.0
953,0.0,0.0,0.0
954,0.0,0.0,0.0
955,0.0,0.0,0.0
956,0.0,0.0,0.0
957,0.0,0.0,0.0
958,66.92905615315533,66.92905615315533,0.0
959,55.38587724464344,55.38587724464344,0.0
960,72.37483544661461,72.37483544661461,0.0
961,36.3454335830379,36.3454335830379,0.0
962,99.42585314502236,99.42585314502236,0.0
963,22.596699634077282,22.596699634077282,0.0
964,210.77203202749166,210.77203202749166,0.0
965,250.0,250.0,0.0
966,0.0,0.0,0.0
967,0.0,0.0,0.0
968,0.0,0.0,0.0
969,0.0,0.0,0.0
970,0.0,0.0,0.0
971,0.0,0.0,0.0
972,0.0,0.0,0.0
973,0.0,0.0,0.0
974,0.0,0.0,0.0
975,0.0,0.0,0.0
976,0.0,0.0,0.0
977,0.0,0.0,0.0
978,0.0,0.0,0.0
979,0.0,0.0,0.0
980,0.0,0.0,0.0
981,0.0,0.0,0.0
982,53.03703467367882,53.03703467367882,0.0
983,32.249812260801264,32.249812260801264,0.0
984,36.73285014102987,36.73285014102987,0.0
985,0.0,0.0,0.0
986,106.28410698875047,106.28410698875047,0.0
987,112.75411989387953,112.75411989387953,0.0
988,222.7718632759026,222.7718632759026,0.0
989,250.0,250.0,0.0
990,0.0,0.0,0.0
991,0.0,0.0,0.0
992,0.0,0.0,0.0
993,0.0,0.0,0.0
994,0.0,0.0,0.0
995,0.0,0.0,0.0
996,0.0,0.0,0.0
997,0.0,0.0,0.0
998,0.0,0.0,0.0
999,0.0,0.0,0.0
1000,0.0,0.0,0.0
1001,0.0,0.0,0.0
1002,0.0,0.0,0.0
1003,0.0,0.0,0.0
1004,0.0,0.0,0.0
1005,0.0,0.0,0.0
1006,55.00769363526689,55.00769363526689,0.0
1007,34.08600791467779,34.08600791467779,0.0
1008,36.96600773961575,36.96600773961575,0.0
1009,59.80321190849173,59.80321190849173,0.0
1010,122.38643697558041,122.38643697558041,0.0
1011,21.0263483151832,21.0263483151832,0.0
1012,234.55408074522683,234.55408074522683,0.0
1013,250.0,250.0,0.0
1014,0.0,0.0,0.0
1015,0.0,0.0,0.0
1016,0.0,0.0,0.0
1017,0.0,0.0,0.0
1018,0.0,0.0,0.0
1019,0.0,0.0,0.0
1020,0.0,0.0,0.0
1021,0.0,0.0,0.0
1022,0.0,0.0,0.0
1023,0.0,0.0,0.0
1024,0.0,0.0,0.0
1025,0.0,0.0,0.0
1026,0.0,0.0,0.0
1027,0.0,0.0,0.0
1028,0.0,0.0,0.0
1029,0.0,0.0,0.0
1030,82.17731110567968,82.17731110567968,0.0
1031,52.83815602989148,52.83815602989148,0.0
1032,0.0,0.0,0.0
1033,71.96766678390355,71.96766678390355,0.0
1034,86.63847668462836,86.63847668462836,0.0
1035,152.45318874932974,152.45318874932974,0.0
1036,117.75498788060978,117.75498788060978,0.0
1037,250.0,250.0,0.0
1038,0.0,0.0,0.0
1039,0.0,0.0,0.0
1040,0.0,0.0,0.0
1041,0.0,0.0,0.0
1042,0.0,0.0,0.0
1043,0.0,0.0,0.0
1044,0.0,0.0,0.0
1045,0.0,0.0,0.0
1046,0.0,0.0,0.0
1047,0.0,0.0,0.0
1048,0.0,0.0,0.0
1049,0.0,0.0,0.0
1050,0.0,0.0,0.0
1051,0.0,0.0,0.0
1052,0.0,0.0,0.0
1053,0.0,0.0,0.0
1054,64.1191814576668,64.1191814576668,0.0
1055,49.95379894526218,49.95379894526218,0.0
1056,25.906577933717983,25.906577933717983,0.0
1057,70.98666207579731,70.98666207579731,0.0
1058,111.74866333578433,111.74866333578433,0.0
1059,4.027179355265789,4.027179355265789,0.0
1060,237.08772413054822,237.08772413054822,0.0
1061,250.0,250.0,0.0
1062,0.0,0.0,0.0
1063,0.0,0.0,0.0
1064,0.0,0.0,0.0
1065,0.0,0.0,0.0
1066,0.0,0.0,0.0
1067,0.0,0.0,0.0
1068,0.0,0.0,0.0
1069,0.0,0.0,0.0
1070,0.0,0.0,0.0
1071,0.0,0.0,0.0
1072,0.0,0.0,0.0
1073,0.0,0.0,0.0
1074,0.0,0.0,0.0
1075,0.0,0.0,0.0
1076,0.0,0.0,0.0
1077,0.0,0.0,0.0
1078,46.150967807901225,46.150967807901225,0.0
1079,0.0,0.0,0.0
1080,0.0,0.0,0.0
1081,76.26054224192399,76.26054224192399,0.0
1082,97.48884885259645,97.48884885259645,0.0
1083,122.78189506273037,122.78189506273037,0.0
1084,221.14753326889053,221.14753326889053,0.0
1085,250.0,250.0,0.0
1086,0.0,0.0,0.0
1087,0.0,0.0,0.0
1088,0.0,0.0,0.0
1089,0.0,0.0,0.0
1090,0.0,0.0,0.0
1091,0.0,0.0,0.0
1092,0.0,0.0,0.0
1093,0.0,0.0,0.0
1094,0.0,0.0,0.0
1095,0.0,0.0,0.0
1096,0.0,0.0,0.0
1097,0.0,0.0,0.0
1098,0.0,0.0,0.0
1099,0.0,0.0,0.0
1100,0.0,0.0,0.0
1101,0.0,0.0,0.0
1102,42.29856589637169,42.29856589637169,0.0
1103,28.608024213946237,28.608024213946237,0.0
1104,0.0,0.0,0.0
1105,0.0,0.0,0.0
1106,100.78018064110705,100.78018064110705,0.0
1107,165.11991817240664,165.11991817240664,0.0
1108,227.0230983102109,227.0230983102109,0.0
1109,250.0,250.0,0.0
1110,0.0,0.0,0.0
1111,0.0,0.0,0.0
1112,0.0,0.0,0.0
1113,0.0,0.0,0.0
1114,0.0,0.0,0.0
1115,0.0,0.0,0.0
1116,0.0,0.0,0.0
1117,0.0,0.0,0.0
1118,0.0,0.0,0.0
1119,0.0,0.0,0.0
1120,0.0,0.0,0.0
1121,0.0,0.0,0.0
1122,0.0,0.0,0.0
1123,0.0,0.0,0.0
1124,0.0,0.0,0.0
1125,0.0,0.0,0.0
1126,58.25216257202612,58.25216257202612,0.0
1127,57.28327967531749,57.28327967531749,0.0
1128,32.83172262542368,32.83172262542368,0.0
1129,80.84379501611772,80.84379501611772,0.0
1130,115.13448286331732,115.13448286331732,0.0
1131,0.0,0.0,0.0
1132,219.48434448184025,219.48434448184025,0.0
1133,250.0,250.0,0.0
1134,0.0,0.0,0.0
1135,0.0,0.0,0.0
1136,0.0,0.0,0.0
1137,0.0,0.0,0.0
1138,0.0,0.0,0.0
1139,0.0,0.0,0.0
1140,0.0,0.0,0.0
1141,0.0,0.0,0.0
1142,0.0,0.0,0.0
1143,0.0,0.0,0.0
1144,0.0,0.0,0.0
1145,0.0,0.0,0.0
1146,0.0,0.0,0.0
1147,0.0,0.0,0.0
1148,0.0,0.0,0.0
1149,0.0,0.0,0.0
1150,57.70517333294623,57.70517333294623,0.0
1151,39.28472770021816,39.28472770021816,0.0
1152,0.0,0.0,0.0
1153,68.38111478896047,68.38111478896047,0.0
1154,0.0,0.0,0.0
1155,164.02904124957593,164.02904124957593,0.0
1156,234.42973016234174,234.42973016234174,0.0
1157,250.0,250.0,0.0
1158,0.0,0.0,0.0
1159,0.0,0.0,0.0
1160,0.0,0.0,0.0
1161,0.0,0.0,0.0
1162,0.0,0.0,0.0
1163,0.0,0.0,0.0
1164,0.0,0.0,0.0
1165,0.0,0.0,0.0
1166,0.0,0.0,0.0
1167,0.0,0.0,0.0
1168,0.0,0.0,0.0
1169,0.0,0.0,0.0
1170,0.0,0.0,0.0
1171,0.0,0.0,0.0
1172,0.0,0.0,0.0
1173,0.0,0.0,0.0
1174,0.0,0.0,0.0
1175,21.472839227562947,21.472839227562947,0.0
1176,55.27663080545915,55.27663080545915,0.0
1177,0.0,0.0,0.0
1178,99.1030191400248,99.1030191400248,0.0
1179,153.90507582444866,153.90507582444866,0.0
1180,234.07222223654708,234.07222223654708,0.0
1181,250.0,250.0,0.0
1182,0.0,0.0,0.0
1183,0.0,0.0,0.0
1184,0.0,0.0,0.0
1185,0.0,0.0,0.0
1186,0.0,0.0,0.0
1187,0.0,0.0,0.0
1188,0.0,0.0,0.0
1189,0.0,0.0,0.0
1190,0.0,0.0,0.0
1191,0.0,0.0,0.0
1192,0.0,0.0,0.0
1193,0.0,0.0,0.0
1194,0.0,0.0,0.0
1195,0.0,0.0,0.0
1196,0.0,0.0,0.0
1197,0.0,0.0,0.0
1198,71.97184480512016,71.97184480512016,0.0
1199,0.0,0.0,0.0
1200,0.0,0.0,0.0
1201,0.0,0.0,0.0
1202,98.9061691369775,98.9061691369775,0.0
1203,163.51107065054174,163.51107065054174,0.0
1204,229.44070264140322,229.44070264140322,0.0
1205,250.0,250.0,0.0
1206,0.0,0.0,0.0
1207,0.0,0.0,0.0
1208,0.0,0.0,0.0
1209,0.0,0.0,0.0
1210,0.0,0.0,0.0
1211,0.0,0.0,0.0
1212,0.0,0.0,0.0
1213,0.0,0.0,0.0
1214,0.0,0.0,0.0
1215,0.0,0.0,0.0
1216,0.0,0.0,0.0
1217,0.0,0.0,0.0
1218,0.0,0.0,0.0
1219,0.0,0.0,0.0
1220,0.0,0.0,0.0
1221,0.0,0.0,0.0
1222,49.74011473794201,49.74011473794201,0.0
1223,0.0,0.0,0.0
1224,22.43253383348923,22.43253383348923,0.0
1225,77.06889016744066,77.06889016744066,0.0
1226,101.6778169174433,101.6778169174433,0.0
1227,84.63605552723533,84.63605552723533,0.0
1228,228.2743760504921,228.2743760504921,0.0
1229,250.0,250.0,0.0
1230,0.0,0.0,0.0
1231,0.0,0.0,0.0
1232,0.0,0.0,0.0
1233,0.0,0.0,0.0
1234,0.0,0.0,0.0
1235,0.0,0.0,0.0
1236,0.0,0.0,0.0
1237,0.0,0.0,0.0
1238,0.0,0.0,0.0
1239,0.0,0.0,0.0
1240,0.0,0.0,0.0
1241,0.0,0.0,0.0
1242,0.0,0.0,0.0
1243,0.0,0.0,0.0
1244,0.0,0.0,0.0
1245,0.0,0.0,0.0
1246,46.667984548081904,46.667984548081904,0.0
1247,38.43167096218542,38.43167096218542,0.0
1248,0.0,0.0,0.0
1249,74.78511129276603,74.78511129276603,0.0
1250,96.85105510516354,96.85105510516354,0.0
1251,88.7831792109456,88.7831792109456,0.0
1252,218.31078611490005,218.31078611490005,0.0
1253,250.0,250.0,0.0
1254,0.0,0.0,0.0
1255,0.0,0.0,0.0
1256,0.0,0.0,0.0
1257,0.0,0.0,0.0
1258,0.0,0.0,0.0
1259,0.0,0.0,0.0
1260,0.0,0.0,0.0
1261,0.0,0.0,0.0
1262,0.0,0.0,0.0
1263,0.0,0.0,0.0
1264,0.0,0.0,0.0
1265,0.0,0.0,0.0
1266,0.0,0.0,0.0
1267,0.0,0.0,0.0
1268,0.0,0.0,0.0
1269,0.0,0.0,0.0
1270,71.15510832052325,71.15510832052325,0.0
1271,41.74447369938599,41.74447369938599,0.0
1272,64.38531112950903,64.38531112950903,0.0
1273,66.47404188332877,66.47404188332877,0.0
1274,108.30772502007682,108.30772502007682,0.0
1275,150.1066264215064,150.1066264215064,0.0
1276,61.65650075971224,61.65650075971224,0.0
1277,250.0,250.0,0.0
1278,0.0,0.0,0.0
1279,0.0,0.0,0.0
1280,0.0,0.0,0.0
1281,0.0,0.0,0.0
1282,0.0,0.0,0.0
1283,0.0,0.0,0.0
1284,0.0,0.0,0.0
1285,0.0,0.0,0.0
1286,0.0,0.0,0.0
1287,0.0,0.0,0.0
1288,0.0,0.0,0.0
1289,0.0,0.0,0.0
1290,0.0,0.0,0.0
1291,0.0,0.0,0.0
1292,0.0,0.0,0.0
1293,0.0,0.0,0.0
1294,25.62866883404027,25.62866883404027,0.0
1295,0.0,0.0,0.0
1296,0.0,0.0,0.0
1297,0.0,0.0,0.0
1298,127.65414305712665,127.65414305712665,0.0
1299,173.94110998004487,173.94110998004487,0.0
1300,236.6058653628308,236.6058653628308,0.0
1301,250.0,250.0,0.0
1302,0.0,0.0,0.0
1303,0.0,0.0,0.0
1304,0.0,0.0,0.0
1305,0.0,0.0,0.0
1306,0.0,0.0,0.0
1307,0.0,0.0,0.0
1308,0.0,0.0,0.0
1309,0.0,0.0,0.0
1310,0.0,0.0,0.0
1311,0.0,0.0,0.0
1312,0.0,0.0,0.0
1313,0.0,0.0,0.0
1314,0.0,0.0,0.0
1315,0.0,0.0,0.0
1316,0.0,0.0,0.0
1317,0.0,0.0,0.0
1318,62.43325649052866,62.43325649052866,0.0
1319,52.57037749703443,52.57037749703443,0.0
1320,46.921826138319204,46.921826138319204,0.0
1321,73.90613157024904,73.90613157024904,0.0
1322,145.28402933004418,145.28402933004418,0.0
1323,146.30817701856404,146.30817701856404,0.0
1324,36.40598918930306,36.40598918930306,0.0
1325,250.0,250.0,0.0
1326,0.0,0.0,0.0
1327,0.0,0.0,0.0
1328,0.0,0.0,0.0
1329,0.0,0.0,0.0
1330,0.0,0.0,0.0
1331,0.0,0.0,0.0
1332,0.0,0.0,0.0
1333,0.0,0.0,0.0
1334,0.0,0.0,0.0
1335,0.0,0.0,0.0
1336,0.0,0.0,0.0
1337,0.0,0.0,0.0
1338,0.0,0.0,0.0
1339,0.0,0.0,0.0
1340,0.0,0.0,0.0
1341,0.0,0.0,0.0
1342,69.39425310510399,69.39425310510399,0.0
1343,0.0,0.0,0.0
1344,0.0,0.0,0.0
1345,70.03704977155508,70.03704977155508,0.0
1346,94.7959405484687,94.7959405484687,0.0
1347,178.21044098480013,178.21044098480013,0.0
1348,151.39210282411472,151.39210282411472,0.0
1349,250.0,250.0,0.0
1350,0.0,0.0,0.0
1351,0.0,0.0,0.0
1352,0.0,0.0,0.0
1353,0.0,0.0,0.0
1354,0.0,0.0,0.0
1355,0.0,0.0,0.0
1356,0.0,0.0,0.0
1357,0.0,0.0,0.0
1358,0.0,0.0,0.0
1359,0.0,0.0,0.0
1360,0.0,0.0,0.0
1361,0.0,0.0,0.0
1362,0.0,0.0,0.0
1363,0.0,0.0,0.0
1364,0.0,0.0,0.0
1365,0.0,0.0,0.0
1366,0.0,0.0,0.0
1367,38.21744813589987,38.21744813589987,0.0
1368,0.0,0.0,0.0
1369,79.28988397281233,79.28988397281233,0.0
1370,113.5518088388169,113.5518088388169,0.0
1371,178.3203134806248,178.3203134806248,0.0
1372,154.4503328058887,154.4503328058887,0.0
1373,250.0,250.0,0.0
1374,0.0,0.0,0.0
1375,0.0,0.0,0.0
1376,0.0,0.0,0.0
1377,0.0,0.0,0.0
1378,0.0,0.0,0.0
1379,0.0,0.0,0.0
1380,0.0,0.0,0.0
1381,0.0,0.0,0.0
1382,0.0,0.0,0.0
1383,0.0,0.0,0.0
1384,0.0,0.0,0.0
1385,0.0,0.0,0.0
1386,0.0,0.0,0.0
1387,0.0,0.0,0.0
1388,0.0,0.0,0.0
1389,0.0,0.0,0.0
1390,54.79788963935641,54.79788963935641,0.0
1391,0.0,0.0,0.0
1392,0.0,0.0,0.0
1393,76.59015947438343,76.59015947438343,0.0
1394,89.26839298778094,89.26839298778094,0.0
1395,100.49761694261268,100.49761694261268,0.0
1396,242.67572818990914,242.67572818990914,0.0
1397,250.0,250.0,0.0
1398,0.0,0.0,0.0
1399,0.0,0.0,0.0
1400,0.0,0.0,0.0
1401,0.0,0.0,0.0
1402,0.0,0.0,0.0
1403,0.0,0.0,0.0
1404,0.0,0.0,0.0
1405,0.0,0.0,0.0
1406,0.0,0.0,0.0
1407,0.0,0.0,0.0
1408,0.0,0.0,0.0
1409,0.0,0.0,0.0
1410,0.0,0.0,0.0
1411,0.0,0.0,0.0
1412,0.0,0.0,0.0
1413,0.0,0.0,0.0
1414,50.87155746614633,50.87155746614633,0.0
1415,46.3502647195279,46.3502647195279,0.0
1416,0.0,0.0,0.0
1417,62.93457757866929,62.93457757866929,0.0
1418,8.21914452258043,8.21914452258043,0.0
1419,155.54531522640286,155.54531522640286,0.0
1420,239.90892772071584,239.90892772071584,0.0
1421,250.0,250.0,0.0
1422,0.0,0.0,0.0
1423,0.0,0.0,0.0
1424,0.0,0.0,0.0
1425,0.0,0.0,0.0
1426,0.0,0.0,0.0
1427,0.0,0.0,0.0
1428,0.0,0.0,0.0
1429,0.0,0.0,0.0
1430,0.0,0.0,0.0
1431,0.0,0.0,0.0
1432,0.0,0.0,0.0
1433,0.0,0.0,0.0
1434,0.0,0.0,0.0
1435,0.0,0.0,0.0
1436,0.0,0.0,0.0
1437,0.0,0.0,0.0
1438,0.0,0.0,0.0
1439,44.38400520683513,44.38400520683513,0.0
1440,51.126430420540885,51.126430420540885,0.0
1441,72.4699413221025,72.4699413221025,0.0
1442,119.65415893328367,119.65415893328367,0.0
1443,157.0678340971162,157.0678340971162,0.0
1444,119.12741725416417,119.12741725416417,0.0
1445,250.0,250.0,0.0
1446,0.0,0.0,0.0
1447,0.0,0.0,0.0
1448,0.0,0.0,0.0
1449,0.0,0.0,0.0
1450,0.0,0.0,0.0
1451,0.0,0.0,0.0
1452,0.0,0.0,0.0
1453,0.0,0.0,0.0
1454,0.0,0.0,0.0
1455,0.0,0.0,0.0
1456,0.0,0.0,0.0
1457,0.0,0.0,0.0
1458,0.0,0.0,0.0
1459,0.0,0.0,0.0
1460,0.0,0.0,0.0
1461,0.0,0.0,0.0
1462,0.0,0.0,0.0
1463,0.0,0.0,0.0
1464,60.14184754973377,60.14184754973377,0.0
1465,70.32742708772827,70.32742708772827,0.0
1466,108.22111128117643,108.22111128117643,0.0
1467,169.08317605751103,169.08317605751103,0.0
1468,156.05622525789312,156.05622525789312,0.0
1469,250.0,250.0,0.0
1470,0.0,0.0,0.0
1471,0.0,0.0,0.0
1472,0.0,0.0,0.0
1473,0.0,0.0,0.0
1474,0.0,0.0,0.0
1475,0.0,0.0,0.0
1476,0.0,0.0,0.0
1477,0.0,0.0,0.0
1478,0.0,0.0,0.0
1479,0.0,0.0,0.0
1480,0.0,0.0,0.0
1481,0.0,0.0,0.0
1482,0.0,0.0,0.0
1483,0.0,0.0,0.0
1484,0.0,0.0,0.0
1485,0.0,0.0,0.0
1486,0.0,0.0,0.0
1487,0.0,0.0,0.0
1488,56.50459279374576,56.50459279374576,0.0
1489,65.78341501454582,65.78341501454582,0.0
1490,109.24473129702244,109.24473129702244,0.0
1491,84.6006654138719,84.6006654138719,0.0
1492,247.69638271485667,247.69638271485667,0.0
1493,250.0,250.0,0.0
1494,0.0,0.0,0.0
1495,0.0,0.0,0.0
1496,0.0,0.0,0.0
1497,0.0,0.0,0.0
1498,0.0,0.0,0.0
1499,0.0,0.0,0.0
1500,0.0,0.0,0.0
1501,0.0,0.0,0.0
1502,0.0,0.0,0.0
1503,0.0,0.0,0.0
1504,0.0,0.0,0.0
1505,0.0,0.0,0.0
1506,0.0,0.0,0.0
1507,0.0,0.0,0.0
1508,0.0,0.0,0.0
1509,0.0,0.0,0.0
1510,57.42043908875462,57.42043908875462,0.0
1511,41.40783808451033,41.40783808451033,0.0
1512,38.39603916313956,38.39603916313956,0.0
1513,59.60701101918551,59.60701101918551,0.0
1514,94.2998785407895,94.2998785407895,0.0
1515,166.86218177319438,166.86218177319438,0.0
1516,105.83639956446865,105.83639956446865,0.0
1517,250.0,250.0,0.0
1518,0.0,0.0,0.0
1519,0.0,0.0,0.0
1520,0.0,0.0,0.0
1521,0.0,0.0,0.0
1522,0.0,0.0,0.0
1523,0.0,0.0,0.0
1524,0.0,0.0,0.0
1525,0.0,0.0,0.0
1526,0.0,0.0,0.0
1527,0.0,0.0,0.0
1528,0.0,0.0,0.0
1529,0.0,0.0,0.0
1530,0.0,0.0,0.0
1531,0.0,0.0,0.0
1532,0.0,0.0,0.0
1533,0.0,0.0,0.0
1534,68.967152113429,68.967152113429,0.0
1535,9.949038984192663,9.949038984192663,0.0
1536,72.14167810706658,72.14167810706658,0.0
1537,74.05524424612184,74.05524424612184,0.0
1538,105.70143124217083,105.70143124217083,0.0
1539,0.0,0.0,0.0
1540,233.0152425410617,233.0152425410617,0.0
1541,250.0,250.0,0.0
1542,0.0,0.0,0.0
1543,0.0,0.0,0.0
1544,0.0,0.0,0.0
1545,0.0,0.0,0.0
1546,0.0,0.0,0.0
1547,0.0,0.0,0.0
1548,0.0,0.0,0.0
1549,0.0,0.0,0.0
1550,0.0,0.0,0.0
1551,0.0,0.0,0.0
1552,0.0,0.0,0.0
1553,0.0,0.0,0.0
1554,0.0,0.0,0.0
1555,0.0,0.0,0.0
1556,0.0,0.0,0.0
1557,0.0,0.0,0.0
1558,66.83913990516629,66.83913990516629,0.0
1559,45.75350113201796,45.75350113201796,0.0
1560,51.880305559375245,51.880305559375245,0.0
1561,0.0,0.0,0.0
1562,111.15023932652053,111.15023932652053,0.0
1563,170.33101342708767,170.33101342708767,0.0
1564,117.87558788387487,117.87558788387487,0.0
1565,250.0,250.0,0.0
1566,0.0,0.0,0.0
1567,0.0,0.0,0.0
1568,0.0,0.0,0.0
1569,0.0,0.0,0.0
1570,0.0,0.0,0.0
1571,0.0,0.0,0.0
1572,0.0,0.0,0.0
1573,0.0,0.0,0.0
1574,0.0,0.0,0.0
1575,0.0,0.0,0.0
1576,0.0,0.0,0.0
1577,0.0,0.0,0.0
1578,0.0,0.0,0.0
1579,0.0,0.0,0.0
1580,0.0,0.0,0.0
1581,0.0,0.0,0.0
1582,0.0,0.0,0.0
1583,12.495407096178269,12.495407096178269,0.0
1584,52.097918817249024,52.097918817249024,0.0
1585,83.07263738021157,83.07263738021157,0.0
1586,100.12663889343042,100.12663889343042,0.0
1587,176.8291870131506,176.8291870131506,0.0
1588,139.20799803382263,139.20799803382263,0.0
1589,250.0,250.0,0.0
1590,0.0,0.0,0.0
1591,0.0,0.0,0.0
1592,0.0,0.0,0.0
1593,0.0,0.0,0.0
1594,0.0,0.0,0.0
1595,0.0,0.0,0.0
1596,0.0,0.0,0.0
1597,0.0,0.0,0.0
1598,0.0,0.0,0.0
1599,0.0,0.0,0.0
1600,0.0,0.0,0.0
1601,0.0,0.0,0.0
1602,0.0,0.0,0.0
1603,0.0,0.0,0.0
1604,0.0,0.0,0.0
1605,0.0,0.0,0.0
1606,0.0,0.0,0.0
1607,49.14281227646501,49.14281227646501,0.0
1608,55.758489048154104,55.758489048154104,0.0
1609,44.81346370392015,44.81346370392015,0.0
1610,95.24475881785702,95.24475881785702,0.0
1611,153.58330611081573,153.58330611081573,0.0
1612,165.28695727683058,165.28695727683058,0.0
1613,250.0,250.0,0.0
1614,0.0,0.0,0.0
1615,0.0,0.0,0.0
1616,0.0,0.0,0.0
1617,0.0,0.0,0.0
1618,0.0,0.0,0.0
1619,0.0,0.0,0.0
1620,0.0,0.0,0.0
1621,0.0,0.0,0.0
1622,0.0,0.0,0.0
1623,0.0,0.0,0.0
1624,0.0,0.0,0.0
1625,0.0,0.0,0.0
1626,0.0,0.0,0.0
1627,0.0,0.0,0.0
1628,0.0,0.0,0.0
1629,0.0,0.0,0.0
1630,0.0,0.0,0.0
1631,40.206659839264375,40.206659839264375,0.0
1632,0.0,0.0,0.0
1633,15.75021206171452,15.75021206171452,0.0
1634,116.93762941611158,116.93762941611158,0.0
1635,177.62183885174653,177.62183885174653,0.0
1636,213.3134470652056,213.3134470652056,0.0
1637,250.0,250.0,0.0
1638,0.0,0.0,0.0
1639,0.0,0.0,0.0
1640,0.0,0.0,0.0
1641,0.0,0.0,0.0
1642,0.0,0.0,0.0
1643,0.0,0.0,0.0
1644,0.0,0.0,0.0
1645,0.0,0.0,0.0
1646,0.0,0.0,0.0
1647,0.0,0.0,0.0
1648,0.0,0.0,0.0
1649,0.0,0.0,0.0
1650,0.0,0.0,0.0
1651,0.0,0.0,0.0
1652,0.0,0.0,0.0
1653,0.0,0.0,0.0
1654,61.13696751579579,61.13696751579579,0.0
1655,43.49651064079478,43.49651064079478,0.0
1656,0.0,0.0,0.0
1657,0.0,0.0,0.0
1658,119.96911946304027,119.96911946304027,0.0
1659,143.3651639991209,143.3651639991209,0.0
1660,195.8620256152909,195.8620256152909,0.0
1661,250.0,250.0,0.0
1662,0.0,0.0,0.0
1663,0.0,0.0,0.0
1664,0.0,0.0,0.0
1665,0.0,0.0,0.0
1666,0.0,0.0,0.0
1667,0.0,0.0,0.0
1668,0.0,0.0,0.0
1669,0.0,0.0,0.0
1670,0.0,0.0,0.0
1671,0.0,0.0,0.0
1672,0.0,0.0,0.0
1673,0.0,0.0,0.0
1674,0.0,0.0,0.0
1675,0.0,0.0,0.0
1676,0.0,0.0,0.0
1677,0.0,0.0,0.0
1678,57.18815659276561,57.18815659276561,0.0
1679,51.91240738772876,51.91240738772876,0.0
1680,42.1965037977734,42.1965037977734,0.0
1681,83.34731836366535,83.34731836366535,0.0
1682,94.41798880505826,94.41798880505826,0.0
1683,21.057597738899375,21.057597738899375,0.0
1684,213.70981454815183,213.70981454815183,0.0
1685,250.0,250.0,0.0
1686,0.0,0.0,0.0
1687,0.0,0.0,0.0
1688,0.0,0.0,0.0
1689,0.0,0.0,0.0
1690,0.0,0.0,0.0
1691,0.0,0.0,0.0
1692,0.0,0.0,0.0
1693,0.0,0.0,0.0
1694,0.0,0.0,0.0
1695,0.0,0.0,0.0
1696,0.0,0.0,0.0
1697,0.0,0.0,0.0
1698,0.0,0.0,0.0
1699,0.0,0.0,0.0
1700,0.0,0.0,0.0
1701,0.0,0.0,0.0
1702,60.43262552952473,60.43262552952473,0.0
1703,53.71799952570558,53.71799952570558,0.0
1704,38.53593356686844,38.53593356686844,0.0
1705,26.091196258870873,26.091196258870873,0.0
1706,0.0,0.0,0.0
1707,176.82918727472565,176.82918727472565,0.0
1708,208.22284507834735,208.22284507834735,0.0
1709,250.0,250.0,0.0
1710,0.0,0.0,0.0
1711,0.0,0.0,0.0
1712,0.0,0.0,0.0
1713,0.0,0.0,0.0
1714,0.0,0.0,0.0
1715,0.0,0.0,0.0
1716,0.0,0.0,0.0
1717,0.0,0.0,0.0
1718,0.0,0.0,0.0
1719,0.0,0.0,0.0
1720,0.0,0.0,0.0
1721,0.0,0.0,0.0
1722,0.0,0.0,0.0
1723,0.0,0.0,0.0
1724,0.0,0.0,0.0
1725,0.0,0.0,0.0
1726,63.91687046161019,63.91687046161019,0.0
1727,42.31828509622403,42.31828509622403,0.0
1728,66.63139324145118,66.63139324145118,0.0
1729,74.42410165644259,74.42410165644259,0.0
1730,111.03212906225161,111.03212906225161,0.0
1731,151.4957289517219,151.4957289517219,0.0
1732,54.01127876434113,54.01127876434113,0.0
1733,250.0,250.0,0.0
1734,0.0,0.0,0.0
1735,0.0,0.0,0.0
1736,0.0,0.0,0.0
1737,0.0,0.0,0.0
1738,0.0,0.0,0.0
1739,0.0,0.0,0.0
1740,0.0,0.0,0.0
1741,0.0,0.0,0.0
1742,0.0,0.0,0.0
1743,0.0,0.0,0.0
1744,0.0,0.0,0.0
1745,0.0,0.0,0.0
1746,0.0,0.0,0.0
1747,0.0,0.0,0.0
1748,0.0,0.0,0.0
1749,0.0,0.0,0.0
1750,0.0,0.0,0.0
1751,45.43216714759126,45.43216714759126,0.0
1752,58.90611313205329,58.90611313205329,0.0
1753,0.0,0.0,0.0
1754,91.75494834331195,91.75494834331195,0.0
1755,147.21854964997567,147.21854964997567,0.0
1756,220.5180089611104,220.5180089611104,0.0
1757,250.0,250.0,0.0
1758,0.0,0.0,0.0
1759,0.0,0.0,0.0
1760,0.0,0.0,0.0
1761,0.0,0.0,0.0
1762,0.0,0.0,0.0
1763,0.0,0.0,0.0
1764,0.0,0.0,0.0
1765,0.0,0.0,0.0
1766,0.0,0.0,0.0
1767,0.0,0.0,0.0
1768,0.0,0.0,0.0
1769,0.0,0.0,0.0
1770,0.0,0.0,0.0
1771,0.0,0.0,0.0
1772,0.0,0.0,0.0
1773,0.0,0.0,0.0
1774,8.426910327729573,8.426910327729573,0.0
1775,58.56861688803269,58.56861688803269,0.0
1776,45.196462084701125,45.196462084701125,0.0
1777,63.664444886888475,63.664444886888475,0.0
1778,0.0,0.0,0.0
1779,168.72216616679782,168.72216616679782,0.0
1780,219.25118687989294,219.25118687989294,0.0
1781,250.0,250.0,0.0
1782,0.0,0.0,0.0
1783,0.0,0.0,0.0
1784,0.0,0.0,0.0
1785,0.0,0.0,0.0
1786,0.0,0.0,0.0
1787,0.0,0.0,0.0
1788,0.0,0.0,0.0
1789,0.0,0.0,0.0
1790,0.0,0.0,0.0
1791,0.0,0.0,0.0
1792,0.0,0.0,0.0
1793,0.0,0.0,0.0
1794,0.0,0.0,0.0
1795,0.0,0.0,0.0
1796,0.0,0.0,0.0
1797,0.0,0.0,0.0
1798,82.46204510012973,82.46204510012973,0.0
1799,46.128391078017785,46.128391078017785,0.0
1800,36.476377067526926,36.476377067526926,0.0
1801,67.54137498272974,67.54137498272974,0.0
1802,99.06364887697487,99.06364887697487,0.0
1803,3.77476705910919,3.77476705910919,0.0
1804,228.38318306955438,228.38318306955438,0.0
1805,250.0,250.0,0.0
1806,0.0,0.0,0.0
1807,0.0,0.0,0.0
1808,0.0,0.0,0.0
1809,0.0,0.0,0.0
1810,0.0,0.0,0.0
1811,0.0,0.0,0.0
1812,0.0,0.0,0.0
1813,0.0,0.0,0.0
1814,0.0,0.0,0.0
1815,0.0,0.0,0.0
1816,0.0,0.0,0.0
1817,0.0,0.0,0.0
1818,0.0,0.0,0.0
1819,0.0,0.0,0.0
1820,0.0,0.0,0.0
1821,0.0,0.0,0.0
1822,0.0,0.0,0.0
1823,0.0,0.0,0.0
1824,37.47118197530318,37.47118197530318,0.0
1825,78.1205266725471,78.1205266725471,0.0
1826,120.46518120827903,120.46518120827903,0.0
1827,155.45898683682628,155.45898683682628,0.0
1828,172.31391054108698,172.31391054108698,0.0
1829,250.0,250.0,0.0
1830,0.0,0.0,0.0
1831,0.0,0.0,0.0
1832,0.0,0.0,0.0
1833,0.0,0.0,0.0
1834,0.0,0.0,0.0
1835,0.0,0.0,0.0
1836,0.0,0.0,0.0
1837,0.0,0.0,0.0
1838,0.0,0.0,0.0
1839,0.0,0.0,0.0
1840,0.0,0.0,0.0
1841,0.0,0.0,0.0
1842,0.0,0.0,0.0
1843,0.0,0.0,0.0
1844,0.0,0.0,0.0
1845,0.0,0.0,0.0
1846,0.0,0.0,0.0
1847,38.20214676045259,38.20214676045259,0.0
1848,67.85935548877558,67.85935548877558,0.0
1849,63.9391266550673,63.9391266550673,0.0
1850,16.333860057931272,16.333860057931272,0.0
1851,159.7518622094047,159.7518622094047,0.0
1852,217.74343606241115,217.74343606241115,0.0
1853,250.0,250.0,0.0
1854,0.0,0.0,0.0
1855,0.0,0.0,0.0
1856,0.0,0.0,0.0
1857,0.0,0.0,0.0
1858,0.0,0.0,0.0
1859,0.0,0.0,0.0
1860,0.0,0.0,0.0
1861,0.0,0.0,0.0
1862,0.0,0.0,0.0
1863,0.0,0.0,0.0
1864,0.0,0.0,0.0
1865,0.0,0.0,0.0
1866,0.0,0.0,0.0
1867,0.0,0.0,0.0
1868,0.0,0.0,0.0
1869,0.0,0.0,0.0
1870,53.044527673532684,53.044527673532684,0.0
1871,36.312394890001315,36.312394890001315,0.0
1872,0.0,0.0,0.0
1873,71.03375055080579,71.03375055080579,0.0
1874,15.802997388701163,15.802997388701163,0.0
1875,151.58205707972348,151.58205707972348,0.0
1876,236.05405965127818,236.05405965127818,0.0
1877,250.0,250.0,0.0
1878,0.0,0.0,0.0
1879,0.0,0.0,0.0
1880,0.0,0.0,0.0
1881,0.0,0.0,0.0
1882,0.0,0.0,0.0
1883,0.0,0.0,0.0
1884,0.0,0.0,0.0
1885,0.0,0.0,0.0
1886,0.0,0.0,0.0
1887,0.0,0.0,0.0
1888,0.0,0.0,0.0
1889,0.0,0.0,0.0
1890,0.0,0.0,0.0
1891,0.0,0.0,0.0
1892,0.0,0.0,0.0
1893,0.0,0.0,0.0
1894,0.0,0.0,0.0
1895,56.08210194007495,56.08210194007495,0.0
1896,32.72254415984048,32.72254415984048,0.0
1897,55.15717432656999,55.15717432656999,0.0
1898,120.30770146828166,120.30770146828166,0.0
1899,67.99059884232855,67.99059884232855,0.0
1900,231.56966649694692,231.56966649694692,0.0
1901,250.0,250.0,0.0
1902,0.0,0.0,0.0
1903,0.0,0.0,0.0
1904,0.0,0.0,0.0
1905,0.0,0.0,0.0
1906,0.0,0.0,0.0
1907,0.0,0.0,0.0
1908,0.0,0.0,0.0
1909,0.0,0.0,0.0
1910,0.0,0.0,0.0
1911,0.0,0.0,0.0
1912,0.0,0.0,0.0
1913,0.0,0.0,0.0
1914,0.0,0.0,0.0
1915,0.0,0.0,0.0
1916,0.0,0.0,0.0
1917,0.0,0.0,0.0
1918,42.54683462841092,42.54683462841092,0.0
1919,37.322303009636755,37.322303009636755,0.0
1920,29.621551543850842,29.621551543850842,0.0
1921,45.433458514127835,45.433458514127835,0.0
1922,13.842929039392095,13.842929039392095,0.0
1923,176.8762752256469,176.8762752256469,0.0
1924,218.18643527297723,218.18643527297723,0.0
1925,250.0,250.0,0.0
1926,0.0,0.0,0.0
1927,0.0,0.0,0.0
1928,0.0,0.0,0.0
1929,0.0,0.0,0.0
1930,0.0,0.0,0.0
1931,0.0,0.0,0.0
1932,0.0,0.0,0.0
1933,0.0,0.0,0.0
1934,0.0,0.0,0.0
1935,0.0,0.0,0.0
1936,0.0,0.0,0.0
1937,0.0,0.0,0.0
1938,0.0,0.0,0.0
1939,0.0,0.0,0.0
1940,0.0,0.0,0.0
1941,0.0,0.0,0.0
1942,60.82975452178397,60.82975452178397,0.0
1943,0.0,0.0,0.0
1944,42.36748610581316,42.36748610581316,0.0
1945,76.3154784909297,76.3154784909297,0.0
1946,0.0,0.0,0.0
1947,155.07443283986493,155.07443283986493,0.0
1948,229.24263527565083,229.24263527565083,0.0
1949,250.0,250.0,0.0
1950,0.0,0.0,0.0
1951,0.0,0.0,0.0
1952,0.0,0.0,0.0
1953,0.0,0.0,0.0
1954,0.0,0.0,0.0
1955,0.0,0.0,0.0
1956,0.0,0.0,0.0
1957,0.0,0.0,0.0
1958,0.0,0.0,0.0
1959,0.0,0.0,0.0
1960,0.0,0.0,0.0
1961,0.0,0.0,0.0
1962,0.0,0.0,0.0
1963,0.0,0.0,0.0
1964,0.0,0.0,0.0
1965,0.0,0.0,0.0
1966,55.0301723850871,55.0301723850871,0.0
1967,0.0,0.0,0.0
1968,28.480060741815628,28.480060741815628,0.0
1969,0.0,0.0,0.0
1970,93.8195647957944,93.8195647957944,0.0
1971,157.84478934172995,157.84478934172995,0.0
1972,228.65519996961547,228.65519996961547,0.0
1973,250.0,250.0,0.0
1974,0.0,0.0,0.0
1975,0.0,0.0,0.0
1976,0.0,0.0,0.0
1977,0.0,0.0,0.0
1978,0.0,0.0,0.0
1979,0.0,0.0,0.0
1980,0.0,0.0,0.0
1981,0.0,0.0,0.0
1982,0.0,0.0,0.0
1983,0.0,0.0,0.0
1984,0.0,0.0,0.0
1985,0.0,0.0,0.0
1986,0.0,0.0,0.0
1987,0.0,0.0,0.0
1988,0.0,0.0,0.0
1989,0.0,0.0,0.0
1990,57.1431985936419,57.1431985936419,0.0
1991,36.71788860690242,36.71788860690242,0.0
1992,42.872660600538495,42.872660600538495,0.0
1993,48.15672659612335,48.15672659612335,0.0
1994,96.26050483358108,96.26050483358108,0.0
1995,57.32667065056278,57.32667065056278,0.0
1996,225.35213735269258,225.35213735269258,0.0
1997,250.0,250.0,0.0
1998,0.0,0.0,0.0
1999,0.0,0.0,0.0
2000,0.0,0.0,0.0
2001,0.0,0.0,0.0
2002,0.0,0.0,0.0
2003,0.0,0.0,0.0
2004,0.0,0.0,0.0
2005,0.0,0.0,0.0
2006,0.0,0.0,0.0
2007,0.0,0.0,0.0
2008,0.0,0.0,0.0
2009,0.0,0.0,0.0
2010,0.0,0.0,0.0
2011,0.0,0.0,0.0
2012,0.0,0.0,0.0
2013,0.0,0.0,0.0
2014,67.9031463839101,67.9031463839101,0.0
2015,30.558981841188313,30.558981841188313,0.0
2016,0.0,0.0,0.0
2017,76.27623831306852,76.27623831306852,0.0
2018,11.620543696244688,11.620543696244688,0.0
2019,155.63164335440433,155.63164335440433,0.0
2020,221.8392336452266,221.8392336452266,0.0
2021,250.0,250.0,0.0
2022,0.0,0.0,0.0
2023,0.0,0.0,0.0
2024,0.0,0.0,0.0
2025,0.0,0.0,0.0
2026,0.0,0.0,0.0
2027,0.0,0.0,0.0
2028,0.0,0.0,0.0
2029,0.0,0.0,0.0
2030,0.0,0.0,0.0
2031,0.0,0.0,0.0
2032,0.0,0.0,0.0
2033,0.0,0.0,0.0
2034,0.0,0.0,0.0
2035,0.0,0.0,0.0
2036,0.0,0.0,0.0
2037,0.0,0.0,0.0
2038,60.612457026536106,60.612457026536106,0.0
2039,0.0,0.0,0.0
2040,28.455764846110412,28.455764846110412,0.0
2041,77.66534060935669,77.66534060935669,0.0
2042,111.3549628048089,111.3549628048089,0.0
2043,54.39698062272494,54.39698062272494,0.0
2044,231.34428132450552,231.34428132450552,0.0
2045,250.0,250.0,0.0
2046,0.0,0.0,0.0
2047,0.0,0.0,0.0
2048,0.0,0.0,0.0
2049,0.0,0.0,0.0
2050,0.0,0.0,0.0
2051,0.0,0.0,0.0
2052,0.0,0.0,0.0
2053,0.0,0.0,0.0
2054,0.0,0.0,0.0
2055,0.0,0.0,0.0
2056,0.0,0.0,0.0
2057,0.0,0.0,0.0
2058,0.0,0.0,0.0
2059,0.0,0.0,0.0
2060,0.0,0.0,0.0
2061,0.0,0.0,0.0
2062,67.79824438595489,67.79824438595489,0.0
2063,39.11259377216629,39.11259377216629,0.0
2064,51.717095421691624,51.717095421691624,0.0
2065,72.27373990964617,72.27373990964617,0.0
2066,104.35063288927125,104.35063288927125,0.0
2067,0.0,0.0,0.0
2068,228.57748085531233,228.57748085531233,0.0
2069,250.0,250.0,0.0
2070,0.0,0.0,0.0
2071,0.0,0.0,0.0
2072,0.0,0.0,0.0
2073,0.0,0.0,0.0
2074,0.0,0.0,0.0
2075,0.0,0.0,0.0
2076,0.0,0.0,0.0
2077,0.0,0.0,0.0
2078,0.0,0.0,0.0
2079,0.0,0.0,0.0
2080,0.0,0.0,0.0
2081,0.0,0.0,0.0
2082,0.0,0.0,0.0
2083,0.0,0.0,0.0
2084,0.0,0.0,0.0
2085,0.0,0.0,0.0
2086,77.32933995043413,77.32933995043413,0.0
2087,36.41438901381692,36.41438901381692,0.0
2088,42.11101277327242,42.11101277327242,0.0
2089,88.53486961534719,88.53486961534719,0.0
2090,106.13450098643449,106.13450098643449,0.0
2091,0.0,0.0,0.0
2092,213.30567489473748,213.30567489473748,0.0
2093,250.0,250.0,0.0
2094,0.0,0.0,0.0
2095,0.0,0.0,0.0
2096,0.0,0.0,0.0
2097,0.0,0.0,0.0
2098,0.0,0.0,0.0
2099,0.0,0.0,0.0
2100,0.0,0.0,0.0
2101,0.0,0.0,0.0
2102,0.0,0.0,0.0
2103,0.0,0.0,0.0
2104,0.0,0.0,0.0
2105,0.0,0.0,0.0
2106,0.0,0.0,0.0
2107,0.0,0.0,0.0
2108,0.0,0.0,0.0
2109,0.0,0.0,0.0
2110,37.12939598374868,37.12939598374868,0.0
2111,0.0,0.0,0.0
2112,55.49424432237072,55.49424432237072,0.0
2113,0.0,0.0,0.0
2114,79.74475288044357,79.74475288044357,0.0
2115,162.95386013600233,162.95386013600233,0.0
2116,228.50753391147725,228.50753391147725,0.0
2117,250.0,250.0,0.0
2118,0.0,0.0,0.0
2119,0.0,0.0,0.0
2120,0.0,0.0,0.0
2121,0.0,0.0,0.0
2122,0.0,0.0,0.0
2123,0.0,0.0,0.0
2124,0.0,0.0,0.0
2125,0.0,0.0,0.0
2126,0.0,0.0,0.0
2127,0.0,0.0,0.0
2128,0.0,0.0,0.0
2129,0.0,0.0,0.0
2130,0.0,0.0,0.0
2131,0.0,0.0,0.0
2132,0.0,0.0,0.0
2133,0.0,0.0,0.0
2134,60.12541228577123,60.12541228577123,0.0
2135,51.713485936890436,51.713485936890436,0.0
2136,49.36997820357419,49.36997820357419,0.0
2137,70.68058868847959,70.68058868847959,0.0
2138,0.0,0.0,0.0
2139,116.04660045925593,116.04660045925593,0.0
2140,215.89372166007115,215.89372166007115,0.0
2141,250.0,250.0,0.0
2142,0.0,0.0,0.0
2143,0.0,0.0,0.0
2144,0.0,0.0,0.0
2145,0.0,0.0,0.0
2146,0.0,0.0,0.0
2147,0.0,0.0,0.0
2148,0.0,0.0,0.0
2149,0.0,0.0,0.0
2150,0.0,0.0,0.0
2151,0.0,0.0,0.0
2152,0.0,0.0,0.0
2153,0.0,0.0,0.0
2154,0.0,0.0,0.0
2155,0.0,0.0,0.0
2156,0.0,0.0,0.0
2157,0.0,0.0,0.0
2158,0.0,0.0,0.0
2159,0.0,0.0,0.0
2160,56.201487993295416,56.201487993295416,0.0
2161,68.08288891406494,68.08288891406494,0.0
2162,110.66992505664462,110.66992505664462,0.0
2163,95.37838422029624,95.37838422029624,0.0
2164,233.4971010497414,233.4971010497414,0.0
2165,250.0,250.0,0.0
2166,0.0,0.0,0.0
2167,0.0,0.0,0.0
2168,0.0,0.0,0.0
2169,0.0,0.0,0.0
2170,0.0,0.0,0.0
2171,0.0,0.0,0.0
2172,0.0,0.0,0.0
2173,0.0,0.0,0.0
2174,0.0,0.0,0.0
2175,0.0,0.0,0.0
2176,0.0,0.0,0.0
2177,0.0,0.0,0.0
2178,0.0,0.0,0.0
2179,0.0,0.0,0.0
2180,0.0,0.0,0.0
2181,0.0,0.0,0.0
2182,0.0,0.0,0.0
2183,56.61000819056443,56.61000819056443,0.0
2184,52.22226991641696,52.22226991641696,0.0
2185,67.61985507687723,67.61985507687723,0.0
2186,115.22897086478002,115.22897086478002,0.0
2187,148.3251223820634,148.3251223820634,0.0
2188,123.82356080334054,123.82356080334054,0.0
2189,250.0,250.0,0.0
2190,0.0,0.0,0.0
2191,0.0,0.0,0.0
2192,0.0,0.0,0.0
2193,0.0,0.0,0.0
2194,0.0,0.0,0.0
2195,0.0,0.0,0.0
2196,0.0,0.0,0.0
2197,0.0,0.0,0.0
2198,0.0,0.0,0.0
2199,0.0,0.0,0.0
2200,0.0,0.0,0.0
2201,0.0,0.0,0.0
2202,0.0,0.0,0.0
2203,0.0,0.0,0.0
2204,0.0,0.0,0.0
2205,0.0,0.0,0.0
2206,63.287457974395295,63.287457974395295,0.0
2207,45.149086474281944,45.149086474281944,0.0
2208,0.0,0.0,0.0
2209,68.16921782850972,68.16921782850972,0.0
2210,112.1266148167544,112.1266148167544,0.0
2211,40.50446983772283,40.50446983772283,0.0
2212,234.5929403023784,234.5929403023784,0.0
2213,250.0,250.0,0.0
2214,0.0,0.0,0.0
2215,0.0,0.0,0.0
2216,0.0,0.0,0.0
2217,0.0,0.0,0.0
2218,0.0,0.0,0.0
2219,0.0,0.0,0.0
2220,0.0,0.0,0.0
2221,0.0,0.0,0.0
2222,0.0,0.0,0.0
2223,0.0,0.0,0.0
2224,0.0,0.0,0.0
2225,0.0,0.0,0.0
2226,0.0,0.0,0.0
2227,0.0,0.0,0.0
2228,0.0,0.0,0.0
2229,0.0,0.0,0.0
2230,72.30153679869386,72.30153679869386,0.0
2231,30.872665520393866,30.872665520393866,0.0
2232,0.0,0.0,0.0
2233,0.0,0.0,0.0
2234,99.81955288867664,99.81955288867664,0.0
2235,145.18323962054686,145.18323962054686,0.0
2236,215.65279240573136,215.65279240573136,0.0
2237,250.0,250.0,0.0
2238,0.0,0.0,0.0
2239,0.0,0.0,0.0
2240,0.0,0.0,0.0
2241,0.0,0.0,0.0
2242,0.0,0.0,0.0
2243,0.0,0.0,0.0
2244,0.0,0.0,0.0
2245,0.0,0.0,0.0
2246,0.0,0.0,0.0
2247,0.0,0.0,0.0
2248,0.0,0.0,0.0
2249,0.0,0.0,0.0
2250,0.0,0.0,0.0
2251,0.0,0.0,0.0
2252,0.0,0.0,0.0
2253,0.0,0.0,0.0
2254,48.64613625978234,48.64613625978234,0.0
2255,59.89220766686702,59.89220766686702,0.0
2256,41.372681457074634,41.372681457074634,0.0
2257,51.42150939417911,51.42150939417911,0.0
2258,113.24472283406311,113.24472283406311,0.0
2259,16.299462631495096,16.299462631495096,0.0
2260,232.9530669905813,232.9530669905813,0.0
2261,250.0,250.0,0.0
2262,0.0,0.0,0.0
2263,0.0,0.0,0.0
2264,0.0,0.0,0.0
2265,0.0,0.0,0.0
2266,0.0,0.0,0.0
2267,0.0,0.0,0.0
2268,0.0,0.0,0.0
2269,0.0,0.0,0.0
2270,0.0,0.0,0.0
2271,0.0,0.0,0.0
2272,0.0,0.0,0.0
2273,0.0,0.0,0.0
2274,0.0,0.0,0.0
2275,0.0,0.0,0.0
2276,0.0,0.0,0.0
2277,0.0,0.0,0.0
2278,0.0,0.0,0.0
2279,0.0,0.0,0.0
2280,0.0,0.0,0.0
2281,45.92275314469914,45.92275314469914,0.0
2282,112.02425334005056,112.02425334005056,0.0
2283,155.88278074929286,155.88278074929286,0.0
2284,250.0,250.0,0.0
2285,250.0,250.0,0.0
2286,0.0,0.0,0.0
2287,0.0,0.0,0.0
2288,0.0,0.0,0.0
2289,0.0,0.0,0.0
2290,0.0,0.0,0.0
2291,0.0,0.0,0.0
2292,0.0,0.0,0.0
2293,0.0,0.0,0.0
2294,0.0,0.0,0.0
2295,0.0,0.0,0.0
2296,0.0,0.0,0.0
2297,0.0,0.0,0.0
2298,0.0,0.0,0.0
2299,0.0,0.0,0.0
2300,0.0,0.0,0.0
2301,0.0,0.0,0.0
2302,63.17506297658605,63.17506297658605,0.0
2303,55.92143431035743,55.92143431035743,0.0
2304,57.00199537715281,57.00199537715281,0.0
2305,57.98246765572986,57.98246765572986,0.0
2306,103.86678921376983,103.86678921376983,0.0
2307,8.814757673435283,8.814757673435283,0.0
2308,217.06728002701135,217.06728002701135,0.0
2309,250.0,250.0,0.0
2310,0.0,0.0,0.0
2311,0.0,0.0,0.0
2312,0.0,0.0,0.0
2313,0.0,0.0,0.0
2314,0.0,0.0,0.0
2315,0.0,0.0,0.0
2316,0.0,0.0,0.0
2317,0.0,0.0,0.0
2318,0.0,0.0,0.0
2319,0.0,0.0,0.0
2320,0.0,0.0,0.0
2321,0.0,0.0,0.0
2322,0.0,0.0,0.0
2323,0.0,0.0,0.0
2324,0.0,0.0,0.0
2325,0.0,0.0,0.0
2326,33.86353594255951,33.86353594255951,0.0
2327,0.0,0.0,0.0
2328,41.50480394948522,41.50480394948522,0.0
2329,0.0,0.0,0.0
2330,107.079381263502,107.079381263502,0.0
2331,154.2268450149317,154.2268450149317,0.0
2332,227.1552210635641,227.1552210635641,0.0
2333,250.0,250.0,0.0
2334,0.0,0.0,0.0
2335,0.0,0.0,0.0
2336,0.0,0.0,0.0
2337,0.0,0.0,0.0
2338,0.0,0.0,0.0
2339,0.0,0.0,0.0
2340,0.0,0.0,0.0
2341,0.0,0.0,0.0
2342,0.0,0.0,0.0
2343,0.0,0.0,0.0
2344,0.0,0.0,0.0
2345,0.0,0.0,0.0
2346,0.0,0.0,0.0
2347,0.0,0.0,0.0
2348,0.0,0.0,0.0
2349,0.0,0.0,0.0
2350,48.758531507333146,48.758531507333146,0.0
2351,53.03707748072975,53.03707748072975,0.0
2352,38.4970745283527,38.4970745283527,0.0
2353,0.0,0.0,0.0
2354,114.65416911832233,114.65416911832233,0.0
2355,156.4478390376733,156.4478390376733,0.0
2356,152.43509556163139,152.43509556163139,0.0
2357,250.0,250.0,0.0
2358,0.0,0.0,0.0
2359,0.0,0.0,0.0
2360,0.0,0.0,0.0
2361,0.0,0.0,0.0
2362,0.0,0.0,0.0
2363,0.0,0.0,0.0
2364,0.0,0.0,0.0
2365,0.0,0.0,0.0
2366,0.0,0.0,0.0
2367,0.0,0.0,0.0
2368,0.0,0.0,0.0
2369,0.0,0.0,0.0
2370,0.0,0.0,0.0
2371,0.0,0.0,0.0
2372,0.0,0.0,0.0
2373,0.0,0.0,0.0
2374,0.0,0.0,0.0
2375,41.83628373708143,41.83628373708143,0.0
2376,56.97867964319801,56.97867964319801,0.0
2377,75.4992827914158,75.4992827914158,0.0
2378,107.52819927044987,107.52819927044987,0.0
2379,168.57305401704292,168.57305401704292,0.0
2380,113.41428777485457,113.41428777485457,0.0
2381,250.0,250.0,0.0
2382,0.0,0.0,0.0
2383,0.0,0.0,0.0
2384,0.0,0.0,0.0
2385,0.0,0.0,0.0
2386,0.0,0.0,0.0
2387,0.0,0.0,0.0
2388,0.0,0.0,0.0
2389,0.0,0.0,0.0
2390,0.0,0.0,0.0
2391,0.0,0.0,0.0
2392,0.0,0.0,0.0
2393,0.0,0.0,0.0
2394,0.0,0.0,0.0
2395,0.0,0.0,0.0
2396,0.0,0.0,0.0
2397,0.0,0.0,0.0
2398,62.927794231147516,62.927794231147516,0.0
2399,29.885710356435254,29.885710356435254,0.0
2400,0.0,0.0,0.0
2401,0.0,0.0,0.0
2402,0.0,0.0,0.0
2403,68.91170000000005,68.91170000000005,0.0
2404,148.51749999999998,148.51749999999998,0.0
2405,181.49736708999995,181.49736708999995,0.0
2406,0.0,0.0,0.0
