Hour,n_tasks,gpu_hours
0,19,2104.7333333333336
1,18,2831.166666666667
2,28,3144.4333333333334
3,16,1904.4833333333333
4,14,1315.1333333333334
5,21,1617.4666666666667
6,23,1538.7666666666667
7,17,2319.2333333333336
8,24,2055.45
9,17,1047.15
10,19,2069.4166666666665
11,25,1911.9166666666667
12,18,1805.1166666666666
13,25,2860.6
14,25,1536.4833333333333
15,28,2751.5
16,18,690.4
17,25,2674.983333333333
18,22,2119.3333333333335
19,26,4049.0166666666664
20,19,2045.9166666666667
21,21,2819.9166666666665
22,17,917.5166666666667
23,21,1134.25
24,19,2642.25
25,17,922.6333333333333
26,24,2667.383333333333
27,24,1795.95
28,27,3074.8
29,29,3397.5
30,15,1336.8666666666668
31,15,656.2166666666667
32,33,3740.866666666667
33,23,2453.1833333333334
34,34,4660.566666666667
35,15,1361.4833333333333
36,15,2790.233333333333
37,16,1346.5166666666667
38,20,1041.15
39,27,1337.9166666666667
40,25,3094.2
41,16,2928.9
42,24,2135.55
43,21,2099.8166666666666
44,22,3744.4
45,19,2226.6
46,19,1072.1333333333334
47,14,945.75
48,25,2839.9
49,23,1787.6166666666668
50,17,1930.7333333333333
51,21,2131.733333333333
52,19,1230.6166666666666
53,21,3820.0
54,20,2190.4
55,12,2050.35
56,23,1699.9
57,30,2630.9833333333336
58,22,1719.5166666666667
59,12,349.8333333333333
60,19,1626.9833333333333
61,24,2717.9166666666665
62,16,1513.1
63,20,2899.916666666667
64,15,1321.95
65,16,941.5
66,24,2152.133333333333
67,25,3279.016666666667
68,13,1303.6
69,24,3556.633333333333
70,18,1561.0833333333335
71,19,1488.25
72,19,1884.6666666666665
73,22,834.7666666666667
74,24,2911.5833333333335
75,21,2954.116666666667
76,20,1961.1833333333334
77,30,2108.95
78,15,894.45
79,18,1473.7833333333333
80,23,1358.5833333333333
81,26,1406.6166666666668
82,20,2974.75
83,18,2372.4
84,18,2227.233333333333
85,20,1584.6333333333334
86,20,1542.2333333333333
87,24,2309.7833333333333
88,24,2664.75
89,19,1496.3166666666666
90,18,1804.2666666666667
91,17,2278.35
92,22,2471.9166666666665
93,21,1017.4333333333334
94,31,1578.2166666666667
95,26,3365.1666666666665
96,18,1592.3166666666666
97,20,2855.5666666666666
98,17,1447.7666666666667
99,13,869.3666666666667
100,12,900.6
101,21,1614.0
102,15,1809.1833333333334
103,19,1487.1
104,30,3479.866666666667
105,20,1640.4833333333333
106,19,470.5833333333333
107,24,1876.7666666666667
108,17,1811.1833333333334
109,23,3109.8166666666666
110,21,2012.7
111,18,1495.6833333333334
112,25,3096.883333333333
113,20,1396.9833333333333
114,20,2078.8
115,23,3317.7999999999997
116,17,2116.4333333333334
117,23,2689.2833333333333
118,28,2719.45
119,31,2805.8333333333335
120,26,2686.5166666666664
121,23,2511.6
122,24,3063.4166666666665
123,24,2246.7833333333333
124,21,3110.7833333333333
125,14,1788.7333333333333
126,18,2399.15
127,24,3426.483333333333
128,20,1956.65
129,16,1978.3833333333332
130,15,583.8166666666666
131,28,2267.4333333333334
132,19,1725.4333333333332
133,22,4316.75
134,18,1606.4666666666667
135,16,2472.95
136,20,1496.0166666666667
137,26,1953.7
138,23,2249.25
139,18,1777.3166666666666
140,18,2516.4166666666665
141,21,2051.9
142,21,1726.6666666666667
143,17,1263.3333333333333
144,21,2628.9
145,15,1072.0666666666666
146,23,2219.65
147,21,3416.0166666666664
148,19,2608.05
149,26,1975.8666666666668
150,22,2747.0
151,28,2840.6833333333334
152,26,3558.25
153,26,2231.633333333333
154,25,2329.4
155,11,1052.55
156,18,2063.65
157,15,1843.1166666666666
158,16,2369.05
159,22,1752.95
160,14,1399.1333333333332
161,27,3575.65
162,20,1397.65
163,20,3014.4666666666667
164,24,1551.7
165,20,2737.133333333333
166,23,2956.0
167,19,1297.6833333333334
168,21,3012.166666666667
169,12,1371.0333333333333
170,23,3668.1666666666665
171,22,2116.516666666667
172,18,1735.2666666666667
173,17,2653.6833333333334
174,19,1688.1
175,20,2584.35
176,14,845.3833333333333
177,25,1914.1666666666665
178,12,1980.9166666666665
179,31,1999.9
180,20,2655.0666666666666
181,25,1852.0
182,20,3034.8166666666666
183,29,2672.1833333333334
184,25,3396.233333333333
185,22,1948.0
186,19,1163.3666666666668
187,18,2074.3333333333335
188,24,2694.9500000000003
189,17,1717.25
190,25,3402.9666666666667
191,19,2464.5333333333333
192,32,3563.8166666666666
193,27,1579.05
194,15,2189.95
195,23,3117.516666666667
196,21,1523.7
197,14,2150.3333333333335
198,21,1451.6333333333334
199,17,1752.1499999999999
200,19,1609.0666666666666
201,23,1925.1833333333332
202,21,2488.1833333333334
203,21,997.5666666666667
204,24,2393.6833333333334
205,20,1617.7166666666667
206,23,2428.1666666666665
207,16,1236.1833333333334
208,23,2205.4666666666667
209,17,1658.4
210,21,2086.6833333333334
211,21,1608.15
212,25,2490.616666666667
213,26,1478.7666666666667
214,24,2739.7833333333333
215,20,2231.3333333333335
216,16,1573.2166666666667
217,21,3311.1
218,21,3650.5333333333333
219,25,2804.5333333333333
220,20,2384.366666666667
221,20,2116.1666666666665
222,21,1825.7666666666667
223,29,3376.7
224,26,2514.266666666667
225,15,1851.2833333333333
226,26,2084.366666666667
227,20,2875.883333333333
228,23,2811.1
229,26,3839.95
230,17,2480.2
231,16,1096.7166666666667
232,23,2249.0833333333335
233,18,2366.133333333333
234,18,1162.55
235,20,2984.0666666666666
236,16,2860.4833333333336
237,22,1208.1
238,15,1408.2666666666667
239,18,1057.9833333333333
240,22,2379.516666666667
241,21,2243.6833333333334
242,18,2173.3
243,20,2993.0833333333335
244,19,2553.85
245,25,2563.4666666666667
246,15,2332.5499999999997
247,23,1848.5666666666666
248,17,1051.9833333333333
249,25,1953.3166666666666
250,23,3169.516666666667
251,25,1254.5333333333333
252,25,2309.583333333333
253,24,2680.2
254,22,1563.6666666666667
255,21,2717.616666666667
256,13,1206.9166666666667
257,19,1404.4666666666667
258,31,3190.2333333333336
259,25,1543.0666666666666
260,29,2604.133333333333
261,24,1501.6833333333334
262,21,1638.35
263,24,2635.583333333333
264,17,1082.5333333333333
265,23,2274.866666666667
266,27,3811.3166666666666
267,15,1968.1333333333332
268,21,1815.3333333333333
269,18,1784.55
270,26,3120.616666666667
271,22,3168.733333333333
272,19,1070.6666666666667
273,23,1933.2666666666667
274,23,919.4
275,35,2566.6
276,24,1596.0833333333333
277,20,1401.5666666666666
278,22,2852.5
279,18,1945.8833333333334
280,18,2069.0333333333333
281,22,2127.2333333333336
282,15,1988.05
283,21,1646.85
284,27,2189.4166666666665
285,16,523.2333333333333
286,21,1252.3166666666666
287,20,1980.1333333333334
288,24,2207.6833333333334
289,22,1504.25
290,29,4116.2
291,16,871.3833333333333
292,24,3120.85
293,15,2744.133333333333
294,18,2613.983333333333
295,14,1483.4833333333333
296,9,326.1
297,20,985.9
298,17,2179.35
299,17,2478.3166666666666
300,21,1442.3333333333333
301,28,2329.6
302,12,886.3333333333334
303,23,1690.8666666666668
304,28,2617.483333333333
305,23,2614.65
306,16,1464.2833333333333
307,22,1140.9833333333333
308,22,1999.9
309,11,1074.4833333333333
310,14,994.1833333333333
311,20,1784.1
312,16,1765.4333333333334
313,23,2457.0666666666666
314,26,4885.733333333334
315,19,1839.8833333333334
316,17,2524.75
317,21,2823.9333333333334
318,27,3064.9333333333334
319,19,1287.4333333333334
320,20,2259.15
321,26,2248.4166666666665
322,19,2236.0666666666666
323,20,1663.1
324,28,2289.3
325,28,2991.0333333333333
326,17,1698.2
327,22,3435.766666666667
328,23,2864.4
329,23,2085.9333333333334
330,21,1615.05
331,17,1649.5
332,17,613.0
333,20,2025.5166666666667
334,25,1387.3166666666666
335,22,1435.0833333333333
336,20,1562.2166666666667
337,22,1990.7
338,23,2408.616666666667
339,20,1083.1666666666667
340,21,631.4166666666666
341,22,1718.0
342,24,3372.6
343,11,1837.05
344,13,2606.6
345,17,2188.6666666666665
346,21,3665.55
347,30,3045.883333333333
348,28,2317.5
349,23,1929.5166666666667
350,17,2271.9666666666667
351,28,2638.3166666666666
352,13,1522.1166666666668
353,24,2906.883333333333
354,22,1531.2
355,22,1671.2833333333333
356,24,3787.65
357,19,1622.0666666666666
358,19,1273.5666666666666
359,19,2353.016666666667
360,17,2496.95
361,24,1889.45
362,20,1948.05
363,20,1130.15
364,22,2429.4666666666667
365,21,2523.7166666666667
366,17,2912.4666666666667
367,21,2149.0333333333333
368,19,2024.2
369,34,3111.8166666666666
370,23,2815.0499999999997
371,17,2689.75
372,15,1547.1666666666665
373,20,1127.3
374,17,1058.6000000000001
375,12,2433.633333333333
376,21,586.2833333333333
377,21,1848.25
378,18,1254.4833333333333
379,13,2520.1833333333334
380,28,3265.9166666666665
381,27,1653.5166666666667
382,27,4617.483333333334
383,20,3254.35
384,19,1521.9666666666667
385,16,1725.2833333333333
386,13,1322.3
387,21,2653.45
388,19,2648.1
389,16,1633.9666666666667
390,17,1882.05
391,25,2715.05
392,24,1250.8333333333333
393,25,3047.3
394,16,3178.4166666666665
395,17,1374.25
396,19,1476.7833333333333
397,19,716.7166666666667
398,21,1631.65
399,19,1776.5
400,25,2477.733333333333
401,19,2498.1666666666665
402,20,2818.133333333333
403,19,3044.3166666666666
404,14,1515.9666666666667
405,21,2078.883333333333
406,22,2439.75
407,20,1321.7833333333333
408,23,2979.366666666667
409,23,2388.9833333333336
410,22,2570.9833333333336
411,30,2646.766666666667
412,15,997.05
413,20,4043.266666666667
414,27,3292.2166666666667
415,20,1385.95
416,18,1235.6
417,20,1663.2166666666667
418,22,1587.4333333333334
419,29,2500.383333333333
420,22,1777.4833333333333
421,25,2544.4
422,26,1906.8166666666666
423,24,2171.1833333333334
424,22,3246.3
425,23,2631.4333333333334
426,17,1688.7833333333333
427,23,1390.2666666666667
428,23,1894.1666666666665
429,24,3286.5333333333333
430,26,2363.6833333333334
431,14,1946.9166666666665
432,23,2807.883333333333
433,21,1963.65
434,25,2399.65
435,28,3134.6666666666665
436,22,1409.0
437,21,1942.3666666666666
438,24,2332.883333333333
439,17,1354.9333333333334
440,18,2558.766666666667
441,27,2441.8166666666666
442,26,2823.4333333333334
443,15,1187.9
444,23,1911.95
445,22,4152.083333333333
446,16,1090.2166666666667
447,31,3517.266666666667
448,21,1704.0833333333335
449,21,1867.1333333333332
450,21,1261.2
451,21,2099.1833333333334
452,16,1901.3666666666668
453,23,2894.883333333333
454,25,1395.5166666666667
455,23,2156.2333333333336
456,20,2003.5166666666667
457,13,1207.85
458,17,762.9
459,16,1699.6
460,27,2415.25
461,21,1249.6333333333334
462,19,2012.5833333333333
463,16,529.65
464,17,1930.6333333333332
465,18,2705.75
466,16,1684.9333333333334
467,20,2204.383333333333
468,18,1629.1833333333332
469,29,3722.4166666666665
470,19,1312.4666666666667
471,23,2643.8166666666666
472,20,1453.3
473,19,1806.1999999999998
474,28,3277.5166666666664
475,16,1464.8166666666666
476,23,3107.85
477,24,2721.55
478,19,934.1166666666667
479,18,922.1
480,31,2565.9666666666667
481,29,3363.0499999999997
482,22,3410.8333333333335
483,18,1142.9166666666667
484,29,3377.3166666666666
485,14,1150.7333333333333
486,18,2952.516666666667
487,13,2461.2166666666667
488,23,1575.8666666666668
489,17,2277.8166666666666
490,19,2444.766666666667
491,21,1823.0833333333333
492,22,2322.65
493,22,1301.1666666666667
494,23,1637.5666666666666
495,23,2795.8166666666666
496,14,1397.7666666666667
497,21,1946.0333333333333
498,10,1039.6333333333332
499,20,2168.983333333333
500,19,1568.55
501,16,2923.766666666667
502,12,990.4
503,29,2420.4
504,20,1205.05
505,25,4507.7
506,17,1888.2666666666667
507,17,2524.25
508,18,1626.2
509,23,2159.95
510,21,3239.083333333333
511,17,1575.9333333333334
512,23,2966.4833333333336
513,15,881.1666666666667
514,17,905.4
515,19,1351.2
516,23,1082.4166666666667
517,23,2404.0666666666666
518,18,1265.1666666666667
519,25,2425.9
520,25,1844.3833333333334
521,20,2472.95
522,26,3440.0833333333335
523,20,1263.7166666666667
524,14,1316.65
525,21,2381.616666666667
526,24,1461.25
527,29,2345.25
528,13,1392.95
529,19,2522.3166666666666
530,20,1940.1166666666666
531,26,3120.2166666666667
532,25,1865.3666666666668
533,17,1577.35
534,28,2402.1833333333334
535,27,1652.7166666666667
536,15,1677.2166666666667
537,22,1937.7333333333333
538,14,1279.6333333333334
539,25,3000.0
540,19,2219.6833333333334
541,20,1265.7666666666667
542,21,1524.8999999999999
543,32,5444.366666666667
544,16,2433.366666666667
545,25,2457.6833333333334
546,19,1550.85
547,21,2847.883333333333
548,24,1662.9166666666667
549,19,1442.2833333333333
550,23,2282.883333333333
551,23,1968.3833333333334
552,11,803.95
553,29,3253.7
554,16,1773.7166666666667
555,26,2427.5666666666666
556,25,4341.483333333334
557,18,1377.95
558,26,1364.2833333333333
559,21,978.2166666666667
560,23,1564.8833333333332
561,21,1993.25
562,18,1866.0166666666667
563,28,2727.5
564,19,2081.25
565,22,3145.8166666666666
566,26,1596.6333333333332
567,19,1083.1166666666668
568,23,1749.0333333333333
569,14,692.45
570,27,2234.2000000000003
571,19,2604.116666666667
572,28,3026.35
573,27,3612.6
574,20,1389.7166666666667
575,28,2275.55
576,29,1458.25
577,18,1994.3166666666666
578,17,754.6833333333334
579,21,2231.0833333333335
580,29,1699.3666666666668
581,18,1478.3
582,19,1448.4833333333333
583,19,1739.35
584,21,848.9166666666666
585,14,904.4666666666667
586,22,2580.5666666666666
587,10,683.6333333333333
588,28,3912.75
589,11,1691.85
590,18,1747.2833333333333
591,20,1352.7833333333333
592,19,2372.2833333333333
593,20,1910.2666666666667
594,21,2437.7
595,24,1946.3166666666666
596,28,3351.766666666667
597,23,2681.75
598,19,1990.9666666666667
599,15,1950.2166666666667
600,28,2109.883333333333
601,17,1872.3166666666668
602,18,1602.2666666666667
603,29,2712.05
604,22,3197.45
605,27,3035.7666666666664
606,19,1411.1333333333334
607,16,1589.6833333333334
608,32,2931.15
609,21,1682.6666666666667
610,25,3672.9333333333334
611,24,3211.483333333333
612,21,2819.9
613,19,1603.8
614,24,2389.35
615,17,1434.8166666666666
616,20,1755.5666666666666
617,16,1527.4666666666667
618,24,1913.6333333333334
619,21,1380.3166666666666
620,18,2199.7
621,26,1940.45
622,19,3316.133333333333
623,22,1238.5166666666667
624,23,3155.116666666667
625,19,2136.133333333333
626,18,1605.05
627,24,2556.5166666666664
628,23,1510.9
629,16,711.2
630,23,1762.2166666666667
631,25,3645.2666666666664
632,18,1394.6666666666665
633,36,2981.7166666666667
634,21,3742.7166666666667
635,25,2029.1
636,16,1436.9833333333333
637,25,2076.2166666666667
638,16,1413.7833333333333
639,22,2218.233333333333
640,25,1998.95
641,21,1125.3833333333332
642,29,1969.45
643,19,1178.9
644,14,1348.1499999999999
645,22,1865.1666666666667
646,20,1186.65
647,16,1002.85
648,22,2349.7000000000003
649,16,2219.3333333333335
650,19,1425.9333333333334
651,20,2636.8
652,25,3084.85
653,21,1300.95
654,24,2665.133333333333
655,26,3059.0
656,26,1941.0833333333335
657,10,1364.1000000000001
658,14,935.6999999999999
659,21,2308.866666666667
660,21,3684.133333333333
661,22,1561.6333333333334
662,24,1750.8333333333333
663,25,2383.083333333333
664,16,1483.6166666666668
665,16,2348.2333333333336
666,21,2080.8166666666666
667,21,1111.6
668,15,948.1
669,21,1627.1333333333332
670,16,928.5833333333334
671,19,3481.25
672,25,2752.616666666667
673,17,1392.3166666666666
674,26,3113.116666666667
675,21,1234.9666666666667
676,17,1590.1833333333334
677,17,1718.9833333333333
678,24,2072.0
679,17,3531.483333333333
680,16,1366.8333333333335
681,25,3093.5833333333335
682,13,1624.45
683,27,2481.516666666667
684,23,2517.883333333333
685,18,1530.1666666666667
686,21,2522.4333333333334
687,25,1433.7833333333333
688,14,1236.1666666666667
689,26,1730.9666666666667
690,23,1857.15
691,22,1832.7333333333333
692,18,1312.65
693,16,2297.6833333333334
694,23,2576.4333333333334
695,20,3267.5833333333335
696,16,2256.266666666667
697,19,2463.5666666666666
698,32,3047.2
699,17,2092.8166666666666
700,17,635.85
701,15,1774.7166666666667
702,12,683.5833333333333
703,20,2152.866666666667
704,16,1007.4
705,22,2483.7833333333333
706,25,2670.983333333333
707,18,2719.2833333333333
708,26,3604.5666666666666
709,19,1991.7166666666667
710,21,1371.0
711,20,1067.6166666666666
712,17,2259.4500000000003
713,26,3850.85
714,24,1539.3
715,17,1531.5
716,25,2629.0333333333333
717,24,2040.7333333333333
718,15,942.45
719,23,4160.25
720,18,2841.9666666666667
721,25,2881.2
722,15,858.75
723,22,762.7833333333333
724,28,3230.8166666666666
725,23,2104.5
726,19,1578.7333333333333
727,26,2826.7999999999997
728,24,2931.5166666666664
729,22,2609.8
730,19,1630.1166666666668
731,20,1676.5333333333333
732,23,2020.2333333333333
733,16,1973.666666666667
734,14,983.1333333333333
735,17,1298.5833333333333
736,21,2650.766666666667
737,18,4104.216666666666
738,27,2760.8333333333335
739,22,2795.7000000000003
740,20,2066.1833333333334
741,26,2840.516666666667
742,20,2068.116666666667
743,16,1302.2333333333333
744,16,2079.1666666666665
745,17,1552.9833333333333
746,29,2478.366666666667
747,15,1198.5833333333333
748,21,2547.1
749,21,3159.8166666666666
750,18,1437.4833333333333
751,19,2649.4333333333334
752,23,2255.7833333333333
753,28,3159.3333333333335
754,12,1544.0833333333335
755,18,2075.2833333333333
756,24,1854.5
757,22,1199.1666666666667
758,21,1812.6666666666667
759,17,1478.3166666666666
760,28,2948.05
761,19,1593.7333333333333
762,20,2446.633333333333
763,31,2957.983333333333
764,21,2472.233333333333
765,23,3162.016666666667
766,21,2380.883333333333
767,20,1979.5833333333333
768,20,1359.1
769,21,2370.9500000000003
770,21,1630.6166666666666
771,25,1332.2666666666667
772,19,1767.75
773,24,1679.9166666666665
774,22,2429.116666666667
775,14,1517.6333333333334
776,19,1220.5333333333333
777,26,2070.25
778,28,2404.95
779,18,1087.5
780,20,2026.0833333333333
781,19,1611.2833333333333
782,23,2327.116666666667
783,22,2758.7833333333333
784,15,2183.0166666666664
785,9,939.6166666666667
786,19,1840.6833333333334
787,26,4157.333333333333
788,23,2098.8
789,20,2667.7333333333336
790,25,1599.9833333333333
791,20,1683.0500000000002
792,22,2189.5666666666666
793,26,1616.4166666666667
794,17,1859.7
795,18,1732.0833333333335
796,21,1705.0833333333333
797,26,1602.0166666666667
798,15,2335.35
799,24,1650.9333333333334
800,14,1795.55
801,21,1710.1833333333334
802,19,1253.05
803,21,1151.6666666666667
804,25,2598.916666666667
805,21,1375.6000000000001
806,19,1488.6
807,17,1924.1
808,17,1702.5833333333333
809,13,847.3
810,23,1862.4833333333333
811,14,2380.7999999999997
812,27,1905.35
813,17,2847.9666666666667
814,18,738.3833333333333
815,22,2642.8666666666663
816,22,1371.1666666666667
817,20,1516.0333333333333
818,24,1957.8
819,28,3328.7166666666667
820,16,1537.6833333333334
821,13,1357.8833333333332
822,24,2272.35
823,21,1711.4499999999998
824,23,2337.483333333333
825,13,938.1
826,19,1553.4
827,24,1864.6
828,24,1733.7666666666667
829,14,1993.8833333333332
830,27,3209.2
831,22,2603.5499999999997
832,18,2346.2833333333333
833,16,1147.1166666666666
834,19,1614.5666666666666
835,21,898.6833333333334
836,21,2350.633333333333
837,23,2516.016666666667
838,21,2040.15
839,23,2523.3166666666666
840,14,910.6833333333333
841,17,2961.4833333333336
842,23,1652.0
843,24,4210.766666666666
844,23,2381.766666666667
845,11,692.1833333333333
846,17,1207.6666666666667
847,17,1685.5666666666666
848,23,3020.9666666666667
849,18,2697.7833333333333
850,24,1581.8833333333334
851,24,2060.8
852,16,1886.8833333333332
853,23,2028.1666666666667
854,20,1256.55
855,14,1501.05
856,21,3347.7166666666667
857,15,1405.8833333333334
858,26,1766.1499999999999
859,27,3310.5
860,17,1014.9833333333333
861,27,5251.9
862,19,3787.5666666666666
863,23,1505.6
864,18,767.1833333333333
865,23,1701.0166666666667
866,15,1075.4166666666667
867,22,1589.5666666666666
868,22,2752.4333333333334
869,20,3738.25
870,22,2832.2333333333336
871,16,2070.7166666666667
872,17,1930.9166666666667
873,22,1980.9166666666665
874,16,1283.35
875,19,1204.1000000000001
876,19,1103.0166666666667
877,19,2808.4166666666665
878,14,809.6166666666667
879,25,3068.7666666666664
880,16,2348.9333333333334
881,21,1226.2166666666667
882,27,2736.5666666666666
883,22,1416.1166666666666
884,12,1943.7
885,18,2194.2666666666664
886,25,1430.55
887,30,1896.1666666666667
888,28,806.3833333333333
889,26,2691.0
890,14,2396.5833333333335
891,29,2503.6
892,35,3406.6666666666665
893,19,1796.45
894,21,2031.7166666666667
895,15,2534.1833333333334
896,27,3002.45
897,24,1805.35
898,15,1585.5
899,15,1579.6333333333334
900,17,2418.383333333333
901,16,696.2666666666667
902,28,2415.3166666666666
903,24,1567.25
904,15,1526.0166666666667
905,16,837.5333333333333
906,22,2686.3
907,14,1432.25
908,16,723.5833333333334
909,23,4463.383333333333
910,24,2138.95
911,27,4841.616666666667
912,28,2038.2666666666667
913,26,4458.75
914,24,2901.75
915,20,1141.3333333333333
916,20,2163.95
917,17,1946.0333333333333
918,21,1537.0833333333335
919,20,1919.5
920,17,2227.1833333333334
921,18,2084.25
922,18,687.8333333333333
923,16,2391.9333333333334
924,15,1159.7166666666667
925,17,2269.6833333333334
926,14,971.6666666666667
927,17,1891.1666666666667
928,24,2461.0
929,22,1247.1833333333334
930,20,1703.4333333333334
931,24,1640.2166666666667
932,19,1814.8666666666666
933,28,2620.3333333333335
934,19,1394.8833333333334
935,18,1629.0
936,24,3301.85
937,22,1215.0
938,17,1712.5166666666667
939,19,1191.45
940,21,3308.75
941,21,1690.3666666666666
942,22,3276.8166666666666
943,21,4401.15
944,21,3059.383333333333
945,17,591.85
946,20,1860.75
947,23,3123.1833333333334
948,19,2508.4333333333334
949,22,1303.2333333333333
950,27,2127.5833333333335
951,18,2429.6
952,31,3511.266666666667
953,19,2021.2833333333333
954,17,1398.3166666666666
955,19,1238.9833333333333
956,16,733.8833333333333
957,21,2253.133333333333
958,17,1466.0
959,21,2054.0666666666666
960,16,1928.2666666666667
961,20,1747.6499999999999
962,26,2424.383333333333
963,27,1997.1166666666666
964,16,1402.6333333333334
965,26,2208.0
966,22,2661.85
967,30,2557.7333333333336
968,22,1793.05
969,19,3182.05
970,16,2058.5666666666666
971,16,1214.6
972,18,2949.9833333333336
973,27,1255.5166666666667
974,9,312.3666666666667
975,19,803.4833333333333
976,12,761.4666666666667
977,20,2579.4666666666667
978,17,667.3166666666666
979,20,2242.2
980,24,3599.333333333333
981,20,915.4333333333334
982,18,986.85
983,18,2177.35
984,22,1751.4833333333333
985,19,2396.35
986,21,1066.55
987,24,2069.7000000000003
988,11,661.9833333333333
989,13,2536.5166666666664
990,19,3086.9666666666667
991,30,3846.366666666667
992,32,3014.4166666666665
993,15,2211.2
994,20,1137.4666666666667
995,14,996.1666666666666
996,20,2313.1
997,16,833.6333333333333
998,28,2590.516666666667
999,21,2492.5833333333335
1000,26,2151.65
1001,33,2024.6
1002,24,3894.2666666666664
1003,16,1230.5833333333333
1004,16,1344.25
1005,22,2431.2166666666667
1006,29,2229.133333333333
1007,23,1757.6666666666667
1008,19,1240.7
1009,22,2785.7
1010,27,2696.7
1011,21,2351.616666666667
1012,22,1884.7833333333333
1013,22,1694.3333333333333
1014,19,2162.15
1015,13,1276.7666666666667
1016,32,3313.1
1017,23,2191.9333333333334
1018,25,1666.2166666666667
1019,24,2679.483333333333
1020,20,1653.85
1021,17,1862.8000000000002
1022,25,1745.0833333333333
1023,28,1758.75
1024,30,2972.133333333333
1025,21,2652.366666666667
1026,22,4058.45
1027,19,2068.4333333333334
1028,23,2025.5166666666667
1029,21,1712.95
1030,16,868.9833333333333
1031,18,1644.3833333333332
1032,26,3266.2666666666664
1033,20,2488.5333333333333
1034,19,2451.4
1035,25,2285.866666666667
1036,18,2642.8
1037,9,935.5166666666667
1038,13,432.8
1039,16,1526.3333333333333
1040,13,2844.7166666666667
1041,23,1768.0666666666666
1042,17,885.85
1043,20,1663.7
1044,15,2274.95
1045,27,2857.3
1046,29,1871.8333333333333
1047,23,3352.25
1048,21,1407.9333333333334
1049,16,1894.85
1050,16,2200.3166666666666
1051,15,1761.5833333333333
1052,19,1457.6333333333334
1053,27,3474.116666666667
1054,21,2028.8666666666666
1055,15,1852.0833333333333
1056,21,2301.8166666666666
1057,33,1885.2
1058,18,1231.4833333333333
1059,25,2109.75
1060,15,1396.6166666666668
1061,19,1731.5166666666667
1062,12,811.3833333333332
1063,28,3083.0333333333333
1064,13,1454.7
1065,25,1439.5333333333333
1066,25,1899.1333333333332
1067,21,1916.4
1068,22,1951.9333333333334
1069,29,2655.3333333333335
1070,14,1112.5166666666667
1071,27,1939.0666666666668
1072,29,3433.85
1073,18,1249.9833333333333
1074,21,2044.0166666666667
1075,23,1743.8333333333333
1076,27,3408.25
1077,15,1916.9666666666667
1078,17,1820.3666666666666
1079,21,2026.2666666666667
1080,20,1165.6666666666665
1081,15,1501.1166666666666
1082,17,1437.05
1083,23,2141.3
1084,18,1152.1166666666668
1085,17,1908.6333333333334
1086,26,3335.2833333333333
1087,15,1631.2166666666667
1088,19,1939.7666666666667
1089,19,3258.7833333333333
1090,18,1877.4
1091,19,1408.6833333333334
1092,17,2300.483333333333
1093,19,2486.55
1094,20,1841.1333333333332
1095,17,2014.3833333333334
1096,27,1877.1333333333334
1097,19,485.3833333333333
1098,21,2204.25
1099,21,2017.8
1100,25,2711.2666666666664
1101,21,2887.15
1102,16,1769.8333333333335
1103,28,3991.7000000000003
1104,19,2595.866666666667
1105,15,819.1166666666667
1106,17,1807.55
1107,27,3165.366666666667
1108,25,3584.1
1109,18,2257.366666666667
1110,18,2181.5666666666666
1111,23,1851.2833333333333
1112,23,2576.7166666666667
1113,20,2483.3333333333335
1114,26,2547.116666666667
1115,19,1245.5333333333333
1116,31,3278.366666666667
1117,15,2204.766666666667
1118,16,2819.883333333333
1119,32,4095.6833333333334
1120,15,1636.2166666666667
1121,27,2402.4333333333334
1122,21,1951.3166666666666
1123,22,1718.6666666666667
1124,22,2271.9333333333334
1125,12,1139.5833333333333
1126,14,1626.8
1127,19,2544.5166666666664
1128,24,2107.133333333333
1129,9,241.8
1130,21,2466.633333333333
1131,18,1228.9333333333334
1132,17,1171.15
1133,16,844.45
1134,19,1739.2166666666667
1135,20,1427.2666666666667
1136,18,1826.7666666666667
1137,19,2234.5333333333333
1138,22,1408.2
1139,30,3115.7000000000003
1140,25,2064.883333333333
1141,19,1677.3166666666666
1142,20,1663.1833333333334
1143,19,1644.1333333333332
1144,25,2194.3
1145,18,1482.5333333333333
1146,21,2984.4166666666665
1147,17,1103.1666666666667
1148,17,2103.2166666666667
1149,14,1309.4
1150,20,2162.3333333333335
1151,15,1527.8833333333332
1152,19,1486.4
1153,24,2055.866666666667
1154,30,3357.333333333333
1155,17,972.6
1156,18,2193.866666666667
1157,19,1712.0666666666666
1158,21,848.0
1159,23,2855.35
1160,20,1289.2666666666667
1161,17,1702.9166666666665
1162,20,1986.0166666666667
1163,15,1327.7666666666667
1164,16,1582.2
1165,26,1644.2333333333333
1166,19,785.75
1167,29,1718.8999999999999
1168,21,1922.8666666666668
1169,21,1250.6666666666667
1170,18,1008.3333333333333
1171,10,1701.05
1172,12,937.1666666666666
1173,23,1965.5666666666666
1174,24,2793.666666666667
1175,23,2359.633333333333
1176,20,1302.2666666666667
1177,16,2436.866666666667
1178,19,2617.7
1179,26,2352.2666666666664
1180,13,919.7666666666667
1181,24,1938.1166666666666
1182,18,2272.9500000000003
1183,24,3463.616666666667
1184,17,2904.133333333333
1185,24,3044.0833333333335
1186,17,1830.4
1187,28,3059.133333333333
1188,20,1500.2666666666667
1189,13,2162.45
1190,26,2023.6166666666666
1191,25,2306.4
1192,21,2595.9166666666665
1193,23,2595.4666666666667
1194,17,1582.7
1195,28,3087.95
1196,16,1864.4333333333334
1197,21,1898.6666666666667
1198,15,1671.25
1199,17,1952.55
1200,19,2296.2
1201,25,2620.05
1202,21,1154.2166666666667
1203,22,3983.8
1204,26,2681.5666666666666
1205,17,1047.1666666666667
1206,21,3203.45
1207,17,903.9
1208,21,2862.5333333333333
1209,18,1486.6666666666665
1210,22,1722.6833333333334
1211,28,4656.416666666667
1212,17,1524.8833333333332
1213,19,1993.75
1214,13,1324.8166666666666
1215,21,2635.85
1216,23,1464.4833333333333
1217,21,2646.7166666666667
1218,21,2602.516666666667
1219,19,1618.8833333333334
1220,13,2168.883333333333
1221,20,1977.6833333333334
1222,34,3714.75
1223,17,2609.3
1224,22,2734.0666666666666
1225,27,2676.133333333333
1226,22,1847.25
1227,24,1444.4833333333333
1228,24,3064.233333333333
1229,30,1809.7
1230,19,1726.3166666666666
1231,30,4169.1
1232,22,3476.016666666667
1233,23,2903.2333333333336
1234,22,1856.15
1235,27,2990.35
1236,20,1466.4666666666667
1237,18,1361.5
1238,17,1719.1333333333334
1239,29,3223.2833333333333
1240,26,3151.133333333333
1241,17,2345.4333333333334
1242,24,1962.9833333333333
1243,17,1403.6833333333334
1244,18,1892.4666666666667
1245,30,3175.0666666666666
1246,15,3523.5
1247,22,1664.3166666666666
1248,18,1446.5
1249,15,800.4333333333333
1250,20,2068.7999999999997
1251,24,1841.95
1252,31,4397.4
1253,22,2280.383333333333
1254,19,2270.866666666667
1255,17,1655.2333333333333
1256,15,1103.7166666666667
1257,13,1543.9833333333336
1258,19,1800.1666666666667
1259,28,1945.2333333333333
1260,12,955.0833333333334
1261,22,2690.0666666666666
1262,22,1589.3833333333334
1263,21,2048.8166666666666
1264,14,2129.25
1265,17,2400.366666666667
1266,23,1803.35
1267,24,1988.5166666666667
1268,22,1696.4166666666667
1269,17,1093.4
1270,26,3009.616666666667
1271,24,4063.7166666666667
1272,16,990.2833333333334
1273,22,2556.6
1274,16,1336.7833333333333
1275,16,1107.9666666666667
1276,22,2657.3333333333335
1277,23,2549.2166666666667
1278,25,2880.65
1279,17,2528.3333333333335
1280,12,881.8833333333333
1281,24,2077.1833333333334
1282,29,2765.6833333333334
1283,21,2223.4
1284,25,3360.766666666667
1285,12,1842.9
1286,15,1353.3166666666666
1287,17,1623.7666666666667
1288,24,2383.55
1289,20,1427.1166666666666
1290,18,1564.15
1291,23,1710.2833333333333
1292,16,773.8166666666666
1293,15,2016.8833333333332
1294,25,1006.0166666666667
1295,23,1839.6166666666666
1296,20,1078.9166666666667
1297,26,1222.5833333333333
1298,28,4138.15
1299,29,2406.9500000000003
1300,18,2815.9
1301,20,1600.7333333333333
1302,19,2111.55
1303,28,2691.6
1304,21,2102.6
1305,13,1319.55
1306,23,2137.2833333333333
1307,23,2361.05
1308,26,1494.5833333333333
1309,25,1668.0333333333333
1310,21,1826.4333333333334
1311,28,3640.133333333333
1312,30,3178.15
1313,18,2148.9
1314,23,2302.0666666666666
1315,27,1977.7
1316,15,1066.0
1317,32,4553.6
1318,25,1748.1833333333332
1319,28,2618.866666666667
1320,14,1030.8
1321,21,2965.266666666667
1322,19,1494.35
1323,18,1501.6833333333334
1324,24,2716.766666666667
1325,24,1508.2166666666667
1326,15,1416.0833333333333
1327,19,1970.9333333333334
1328,22,1732.0833333333333
1329,19,1423.1833333333334
1330,18,1668.4666666666665
1331,17,3209.0333333333333
1332,22,2441.1833333333334
1333,14,2143.9
1334,18,2279.233333333333
1335,26,1203.55
1336,18,727.3166666666666
1337,23,1406.9166666666667
1338,20,2161.9666666666667
1339,19,3042.4
1340,28,2422.6666666666665
1341,18,2162.483333333333
1342,27,1660.4666666666667
1343,17,1260.7
1344,24,3426.233333333333
1345,18,2616.5
1346,15,2574.25
1347,14,1721.5333333333333
1348,19,1744.05
1349,14,1136.0333333333333
1350,23,2983.8333333333335
1351,16,1390.0166666666667
1352,21,1486.8166666666668
1353,26,1723.7666666666667
1354,22,2431.633333333333
1355,22,2557.2833333333333
1356,26,2586.85
1357,26,2775.0166666666664
1358,18,2322.5
1359,21,2746.0
1360,21,1838.9166666666665
1361,18,2265.6833333333334
1362,17,2024.9666666666667
1363,25,2228.233333333333
1364,18,1495.0666666666666
1365,19,1293.1666666666667
1366,26,2724.8166666666666
1367,16,1697.4166666666667
1368,21,2606.1666666666665
1369,25,2541.05
1370,19,3205.65
1371,25,2577.55
1372,22,3007.9333333333334
1373,15,1645.5
1374,21,2284.75
1375,17,2693.45
1376,19,1384.3999999999999
1377,28,3339.4
1378,21,2147.883333333333
1379,31,2185.616666666667
1380,12,985.3000000000001
1381,31,2439.016666666667
1382,22,1358.8333333333333
1383,18,2313.4166666666665
1384,28,3399.166666666667
1385,18,1993.4666666666667
1386,19,2021.2
1387,18,1636.4666666666667
1388,23,1154.6333333333334
1389,18,2040.1666666666667
1390,21,2458.2999999999997
1391,15,920.45
1392,20,1842.5833333333333
1393,27,2262.366666666667
1394,17,815.8166666666667
1395,20,2847.6000000000004
1396,16,1421.4166666666667
1397,17,1700.9833333333333
1398,24,2534.7
1399,23,3186.45
1400,11,889.9833333333333
1401,18,1303.7
1402,19,1516.05
1403,20,1473.8833333333332
1404,21,2429.616666666667
1405,16,1908.9166666666667
1406,24,1802.0333333333333
1407,14,1247.6666666666667
1408,24,843.05
1409,20,1897.25
1410,25,2002.0666666666666
1411,22,1654.65
1412,22,1971.9
1413,18,1531.1166666666668
1414,27,2956.5833333333335
1415,14,672.4166666666667
1416,20,1886.6166666666666
1417,12,1552.9666666666667
1418,28,2882.1833333333334
1419,20,1621.15
1420,17,1357.4833333333333
1421,22,1568.3333333333333
1422,18,1304.5333333333333
1423,23,2270.1
1424,21,1591.1666666666667
1425,16,2367.45
1426,20,2563.5333333333333
1427,18,2579.383333333333
1428,17,1523.6000000000001
1429,18,511.1166666666667
1430,16,1727.8999999999999
1431,19,2224.5833333333335
1432,17,2227.883333333333
1433,21,2975.4333333333334
1434,17,975.1
1435,11,915.5166666666667
1436,16,2118.133333333333
1437,18,1373.0666666666666
1438,20,1941.2166666666667
1439,17,2012.7666666666667
1440,19,2204.133333333333
1441,19,2314.633333333333
1442,14,2390.1833333333334
1443,17,2321.4666666666667
1444,27,2218.5499999999997
1445,18,2520.5333333333333
1446,23,1448.8
1447,12,518.9833333333333
1448,16,1368.1166666666668
1449,29,3651.6666666666665
1450,14,1685.5500000000002
1451,15,1335.45
1452,20,2111.7666666666664
1453,22,829.3333333333334
1454,21,3042.1
1455,18,1344.9833333333333
1456,20,1848.9166666666667
1457,22,2815.0
1458,22,2009.1166666666666
1459,22,1011.1333333333333
1460,23,1540.8333333333333
1461,16,1524.7333333333333
1462,19,1057.1333333333334
1463,16,3272.0166666666664
1464,19,1402.1833333333334
1465,20,1397.5666666666666
1466,27,2016.0
1467,22,2952.9333333333334
1468,19,2524.083333333333
1469,24,2479.75
1470,19,2116.75
1471,18,2674.0166666666664
1472,26,1887.9333333333334
1473,16,1876.3833333333334
1474,25,2804.5833333333335
1475,24,1446.8833333333332
1476,35,3046.2999999999997
1477,29,2869.8833333333337
1478,12,1355.3500000000001
1479,20,1074.6833333333334
1480,19,845.3833333333333
1481,24,2925.4333333333334
1482,20,2505.3333333333335
1483,25,2227.5666666666666
1484,23,2293.2166666666667
1485,19,950.5
1486,17,1798.5166666666667
1487,23,2159.8166666666666
1488,23,2194.4
1489,23,2842.55
1490,29,1794.35
1491,19,1187.7833333333333
1492,23,3750.1833333333334
1493,22,1896.75
1494,16,758.5666666666667
1495,23,2083.6
1496,21,3293.9666666666667
1497,18,2346.9
1498,21,1948.1833333333334
1499,19,1861.8
1500,21,1824.0333333333333
1501,14,866.55
1502,16,1810.4666666666667
1503,18,2113.35
1504,14,1963.9666666666667
1505,22,1941.7333333333333
1506,18,1662.3999999999999
1507,26,2402.0499999999997
1508,23,2444.65
1509,25,2629.8
1510,13,1451.45
1511,25,4705.966666666667
1512,18,2828.6666666666665
1513,15,1426.3333333333333
1514,21,1141.6
1515,24,1886.6
1516,15,1926.5666666666666
1517,24,1575.8500000000001
1518,18,1287.95
1519,30,3107.25
1520,14,877.4833333333333
1521,19,1769.8
1522,19,2782.866666666667
1523,14,676.9499999999999
1524,20,1951.5166666666667
1525,18,1071.0
1526,15,1806.85
1527,26,1978.4499999999998
1528,34,4377.366666666667
1529,19,1549.2166666666667
1530,27,1595.7166666666667
1531,20,2519.25
1532,25,2746.1833333333334
1533,19,1297.8
1534,21,1571.2833333333333
1535,16,676.7333333333333
1536,20,2285.45
1537,24,2986.866666666667
1538,13,1950.0666666666666
1539,26,1950.75
1540,21,1791.0833333333333
1541,27,3703.5166666666664
1542,19,1833.5666666666666
1543,24,2191.2166666666667
1544,25,2262.4166666666665
1545,25,1454.5166666666667
1546,26,5171.816666666667
1547,26,1592.2333333333333
1548,17,724.3333333333334
1549,11,1443.3166666666666
1550,24,2060.883333333333
1551,21,1629.55
1552,15,1547.6999999999998
1553,17,2221.0166666666664
1554,12,1073.4666666666667
1555,28,2554.45
1556,27,2629.766666666667
1557,24,3786.5666666666666
1558,23,2006.5666666666666
1559,24,2873.0666666666666
1560,19,3178.866666666667
1561,27,2695.7333333333336
1562,27,2298.9666666666667
1563,16,1614.0
1564,22,1656.7833333333333
1565,15,2250.9333333333334
1566,23,1253.6499999999999
1567,21,1764.1166666666668
1568,17,1571.9666666666667
1569,20,1626.55
1570,19,2691.65
1571,20,1144.9166666666667
1572,26,1539.5
1573,25,2462.0666666666666
1574,27,5302.883333333333
1575,17,788.5666666666667
1576,25,2293.233333333333
1577,18,1211.75
1578,28,2779.55
1579,21,1601.3833333333334
1580,17,1555.0166666666667
1581,16,1515.0833333333333
1582,27,3806.7333333333336
1583,19,1168.0833333333333
1584,19,1596.5
1585,20,2010.4666666666667
1586,23,2652.35
1587,33,1829.5833333333333
1588,23,1617.9833333333333
1589,16,1776.0833333333335
1590,21,2742.0333333333333
1591,20,2398.4
1592,18,2757.883333333333
1593,28,2456.95
1594,21,2881.5666666666666
1595,21,3164.7
1596,25,3331.7
1597,26,2232.1666666666665
1598,22,4107.45
1599,27,4083.133333333333
1600,22,2777.0
1601,19,660.5333333333333
1602,23,1269.0666666666666
1603,16,1110.8
1604,19,1395.6
1605,20,2583.266666666667
1606,19,2255.6
1607,21,2286.2833333333333
1608,20,2334.2166666666667
1609,31,2211.983333333333
1610,19,2318.7666666666664
1611,27,2136.2166666666667
1612,14,1268.9833333333333
1613,20,2131.15
1614,19,2798.5333333333333
1615,18,2200.25
1616,25,1898.1166666666668
1617,24,2872.95
1618,24,2707.9166666666665
1619,17,2528.4666666666667
1620,19,800.75
1621,21,843.0666666666667
1622,21,2153.266666666667
1623,25,1317.1166666666668
1624,21,2158.5333333333333
1625,26,1367.85
1626,22,2253.1833333333334
1627,21,1667.5166666666667
1628,22,3165.7833333333333
1629,27,3895.4
1630,26,2089.7333333333336
1631,21,2814.616666666667
1632,21,2766.3166666666666
1633,11,1057.5666666666666
1634,25,3228.1666666666665
1635,23,3737.65
1636,13,1455.1333333333334
1637,21,1728.7166666666667
1638,18,823.8666666666667
1639,35,4080.75
1640,16,1495.3166666666666
1641,25,3175.65
1642,17,1822.7333333333333
1643,18,823.25
1644,32,3265.416666666667
1645,25,3076.1
1646,22,2860.7666666666664
1647,20,1391.6833333333334
1648,18,1309.7333333333333
1649,18,2253.55
1650,26,1817.1833333333334
1651,23,1904.5166666666667
1652,25,1252.05
1653,17,1498.2
1654,22,3012.7
1655,29,2887.483333333333
1656,26,2517.35
1657,26,4263.4
1658,20,2236.4166666666665
1659,23,1998.4
1660,24,2693.05
1661,17,826.2
1662,20,1691.5166666666667
1663,24,2252.883333333333
1664,26,2994.983333333333
1665,21,1262.3
1666,13,678.2666666666667
1667,30,3697.483333333333
1668,22,1360.3500000000001
1669,22,1302.9833333333333
1670,22,1259.1
1671,27,2719.5833333333335
1672,17,2651.883333333333
1673,27,2760.8166666666666
1674,19,2151.3333333333335
1675,14,1374.6333333333332
1676,21,2088.233333333333
1677,18,1081.65
1678,22,3169.2166666666667
1679,21,1212.8
1680,18,1848.95
1681,19,1919.7166666666667
1682,26,2405.516666666667
1683,28,2430.133333333333
1684,27,2275.4166666666665
1685,16,1459.0666666666666
1686,19,2159.616666666667
1687,20,1886.9666666666667
1688,17,3417.85
1689,19,1805.3666666666668
1690,24,1503.3
1691,28,4192.283333333334
1692,29,3414.7166666666667
1693,15,774.1666666666667
1694,23,1598.7666666666667
1695,26,3557.866666666667
1696,22,1565.8666666666668
1697,25,2567.35
1698,19,2099.4166666666665
1699,19,1239.0666666666666
1700,21,1287.0333333333333
1701,24,2254.1833333333334
1702,21,2321.0666666666666
1703,19,1762.4666666666667
1704,17,1157.6833333333334
1705,19,2218.766666666667
1706,23,1481.2
1707,23,3426.9166666666665
1708,14,2139.2166666666667
1709,18,2771.866666666667
1710,27,1808.8833333333332
1711,18,1618.8333333333333
1712,18,2063.6833333333334
1713,20,2216.916666666667
1714,24,2194.6833333333334
1715,25,3023.7833333333333
1716,20,1704.4166666666667
1717,28,1963.4
1718,22,1927.3833333333332
1719,21,1596.1333333333334
1720,21,944.2
1721,17,881.7666666666667
1722,21,3729.2833333333333
1723,17,3032.733333333333
1724,23,1336.7666666666667
1725,17,2779.666666666667
1726,13,1653.5333333333335
1727,24,3401.65
1728,23,1687.8833333333334
1729,18,1635.1833333333334
1730,23,2480.2833333333333
1731,18,2224.5833333333335
1732,22,2911.5833333333335
1733,25,2278.5833333333335
1734,23,1405.75
1735,22,1709.8833333333334
1736,24,2087.4666666666667
1737,30,3787.9
1738,17,1333.7
1739,15,1054.1666666666667
1740,16,2686.25
1741,18,2089.45
1742,12,1821.2333333333333
1743,25,1520.2166666666667
1744,18,2163.9
1745,17,1576.3833333333332
1746,24,2201.633333333333
1747,22,3760.5833333333335
1748,15,1556.4833333333333
1749,24,2075.7166666666667
1750,17,2084.1666666666665
1751,12,1825.05
1752,21,2389.9333333333334
1753,19,855.6666666666666
1754,20,2202.0
1755,26,2501.9666666666667
1756,19,2140.7
1757,20,1770.8999999999999
1758,29,2560.1666666666665
1759,20,1558.1666666666667
1760,18,1272.5666666666666
1761,17,2460.866666666667
1762,8,511.6
1763,25,4331.183333333333
1764,25,3209.4166666666665
1765,24,1340.65
1766,21,1617.0
1767,25,1906.0
1768,20,2426.5666666666666
1769,23,1689.4666666666667
1770,26,1911.65
1771,25,2284.45
1772,24,2681.2
1773,13,740.1999999999999
1774,15,1580.3166666666666
1775,27,3584.983333333333
1776,32,3071.6666666666665
1777,20,2922.116666666667
1778,24,2398.8166666666666
1779,24,3316.4
1780,21,2303.5666666666666
1781,13,2093.083333333333
1782,25,3738.9166666666665
1783,21,2352.116666666667
1784,17,1432.7833333333333
1785,16,935.0666666666666
1786,21,1860.7166666666667
1787,16,782.95
1788,18,2122.95
1789,24,3522.75
1790,14,1803.0666666666666
1791,15,556.7
1792,29,3355.5
1793,22,2358.1666666666665
1794,19,2333.9
1795,18,1721.75
1796,22,1771.15
1797,23,1577.1666666666667
1798,35,2146.016666666667
1799,16,1428.3333333333333
1800,24,2293.65
1801,27,2587.116666666667
1802,24,2842.45
1803,18,3231.916666666667
1804,17,1003.6666666666666
1805,16,1577.2166666666667
1806,16,1282.7666666666667
1807,26,2963.383333333333
1808,19,2030.95
1809,16,1129.75
1810,21,2119.133333333333
1811,28,3826.616666666667
1812,29,1963.6
1813,31,4130.883333333333
1814,25,2364.6
1815,16,507.8
1816,23,2160.35
1817,29,2440.7833333333333
1818,24,2146.65
1819,17,2635.0
1820,20,2651.5333333333333
1821,31,4335.283333333333
1822,25,2901.483333333333
1823,29,2663.75
1824,20,2614.8166666666666
1825,18,1027.1666666666667
1826,21,781.7666666666667
1827,20,2800.366666666667
1828,14,1722.35
1829,21,2690.233333333333
1830,17,1192.8999999999999
1831,17,1486.8666666666668
1832,27,2948.9333333333334
1833,21,2467.9333333333334
1834,18,3326.916666666667
1835,19,1633.2166666666667
1836,17,1280.9
1837,18,1786.2666666666667
1838,25,5457.883333333333
1839,23,929.7666666666667
1840,17,1468.3
1841,23,2154.4
1842,20,1774.3166666666666
1843,15,921.95
1844,21,2027.8999999999999
1845,22,3929.2000000000003
1846,15,1672.4666666666667
1847,21,1932.6333333333334
1848,17,1995.6333333333332
1849,28,3122.766666666667
1850,19,1631.1166666666668
1851,34,2349.5333333333333
1852,18,1541.8
1853,19,2191.9166666666665
1854,19,1232.3
1855,23,1946.4
1856,19,1990.2333333333333
1857,25,2254.633333333333
1858,26,1741.5333333333333
1859,28,2486.9
1860,22,1428.0166666666667
1861,21,2031.2166666666667
1862,15,472.55
1863,23,1427.5333333333333
1864,14,992.9833333333333
1865,18,1229.5
1866,22,2928.7833333333333
1867,20,2399.55
1868,25,2795.3166666666666
1869,24,1657.5666666666666
1870,27,2961.7833333333333
1871,20,1456.85
1872,16,464.96666666666664
1873,16,2102.8166666666666
1874,23,3023.55
1875,21,2724.7333333333336
1876,21,2550.7833333333333
1877,23,1466.7333333333333
1878,21,1221.4166666666667
1879,18,2526.6833333333334
1880,22,1827.4
1881,14,535.2833333333333
1882,24,3234.4
1883,15,2287.9166666666665
1884,21,2810.666666666667
1885,16,965.75
1886,19,1526.7
1887,19,1452.1166666666668
1888,29,2024.75
1889,24,2277.0
1890,16,1588.8333333333333
1891,26,2470.9333333333334
1892,26,2031.5166666666667
1893,14,1543.7
1894,19,670.5666666666667
1895,18,1024.9499999999998
1896,29,3606.35
1897,18,1060.85
1898,14,987.5
1899,15,1364.0
1900,20,2144.516666666667
1901,23,1874.0333333333333
1902,15,819.8333333333334
1903,30,2023.3
1904,21,1419.1166666666668
1905,17,1789.8
1906,17,889.3166666666667
1907,18,1485.5
1908,19,2076.5499999999997
1909,23,2711.7999999999997
1910,19,1277.9833333333333
1911,19,2750.55
1912,25,2381.083333333333
1913,17,1366.3666666666666
1914,25,3160.9333333333334
1915,19,1510.0166666666667
1916,13,775.5
1917,25,2926.5666666666666
1918,25,3263.2833333333333
1919,18,2021.2333333333333
1920,22,1464.45
1921,19,2339.45
1922,18,2757.9833333333336
1923,20,1856.0666666666666
1924,29,2485.2333333333336
1925,19,1959.8666666666668
1926,20,3853.3
1927,18,2305.8
1928,27,1618.2833333333333
1929,19,2262.6
1930,17,1309.6333333333332
1931,17,2135.9833333333336
1932,17,1958.5
1933,16,1670.25
1934,34,4295.85
1935,26,2189.8166666666666
1936,11,1326.75
1937,20,2645.9833333333336
1938,16,1141.0666666666666
1939,27,3642.75
1940,23,1032.1166666666666
1941,23,1829.6999999999998
1942,22,2758.9
1943,23,1763.25
1944,26,2262.5666666666666
1945,21,1756.2833333333333
1946,21,1960.5500000000002
1947,11,419.4
1948,30,3586.5
1949,21,1876.1
1950,20,1751.1833333333334
1951,20,1858.7666666666667
1952,28,3174.366666666667
1953,24,1673.8666666666668
1954,16,2406.266666666667
1955,17,1964.3
1956,21,2000.7166666666667
1957,11,1591.4333333333334
1958,26,1127.7666666666667
1959,25,2699.2833333333333
1960,21,1960.7666666666667
1961,31,3413.8333333333335
1962,19,3438.866666666667
1963,10,966.1666666666666
1964,17,2335.883333333333
1965,15,1886.6
1966,23,3117.2
1967,20,1631.1666666666667
1968,23,2832.4666666666667
1969,19,3466.766666666667
1970,16,1310.7666666666667
1971,21,921.3333333333333
1972,13,1630.2833333333333
1973,11,455.5833333333333
1974,20,3387.95
1975,22,2969.0499999999997
1976,22,1755.05
1977,18,1691.3666666666666
1978,21,2638.9666666666667
1979,24,3094.5166666666664
1980,23,2473.1666666666665
1981,24,2797.9
1982,20,1741.0
1983,26,2198.4166666666665
1984,23,2545.3
1985,16,1557.2333333333333
1986,19,1838.1499999999999
1987,18,2244.3
1988,21,1638.3333333333335
1989,17,2733.6
1990,27,1842.3333333333335
1991,22,3308.05
1992,20,2463.133333333333
1993,22,2038.6333333333332
1994,23,2039.8166666666666
1995,16,1417.0
1996,22,624.3333333333334
1997,15,690.0166666666667
1998,21,2305.0666666666666
1999,24,1789.0166666666667
2000,19,1014.0999999999999
2001,16,3242.7833333333333
2002,19,823.8333333333334
2003,20,2548.2833333333333
2004,18,2713.95
2005,17,1392.0833333333333
2006,19,2782.5833333333335
2007,30,3091.0
2008,20,3413.55
2009,25,2577.25
2010,27,3637.1833333333334
2011,31,3035.7833333333333
2012,23,2412.5833333333335
2013,32,5233.2
2014,23,2698.7000000000003
2015,29,3120.983333333333
2016,15,1636.8333333333333
2017,20,1643.1166666666666
2018,21,3520.6
2019,20,3530.6666666666665
2020,15,1709.1333333333332
2021,23,3241.3
2022,15,806.2666666666667
2023,23,2689.65
2024,27,2712.7833333333333
2025,19,1851.3166666666666
2026,17,2162.4666666666667
2027,21,2771.0666666666666
2028,27,2180.4500000000003
2029,29,2845.65
2030,20,1339.7833333333333
2031,20,1798.7666666666667
2032,20,1596.5666666666666
2033,21,1985.3333333333333
2034,20,2194.7666666666664
2035,24,2672.1
2036,13,712.7333333333333
2037,21,3495.5
2038,19,3570.133333333333
2039,23,2774.116666666667
2040,23,2946.5333333333333
2041,12,1513.95
2042,14,706.1666666666666
2043,21,1324.7
2044,21,1511.0833333333333
2045,18,2346.133333333333
2046,30,1921.0333333333333
2047,18,1283.3166666666666
2048,25,2949.5333333333333
2049,18,3105.3333333333335
2050,27,1298.0833333333333
2051,16,1598.8333333333333
2052,22,2827.55
2053,22,1801.3
2054,15,555.7333333333333
2055,24,2832.3166666666666
2056,28,2725.5666666666666
2057,33,3733.75
2058,18,895.3833333333333
2059,19,1400.3
2060,19,2150.266666666667
2061,25,1137.0
2062,19,1602.0666666666666
2063,28,4479.016666666666
2064,18,1378.4166666666667
2065,19,1525.3833333333334
2066,22,3199.1833333333334
2067,19,1937.3166666666666
2068,25,3029.9
2069,17,1465.9666666666665
2070,19,1744.8
2071,16,1156.3333333333333
2072,18,1355.05
2073,18,1959.0833333333333
2074,21,2949.7333333333336
2075,14,1372.25
2076,27,2219.85
2077,28,1874.15
2078,26,3829.0
2079,24,1335.7166666666667
2080,20,1848.0666666666668
2081,22,3965.4
2082,18,1084.9166666666667
2083,26,3393.4666666666667
2084,22,2755.383333333333
2085,14,1410.9499999999998
2086,18,1153.1166666666668
2087,24,2988.983333333333
2088,20,3200.4166666666665
2089,19,3378.016666666667
2090,19,1989.1
2091,22,2365.6
2092,28,4272.25
2093,24,2349.016666666667
2094,31,3579.016666666667
2095,26,3103.55
2096,16,1627.8999999999999
2097,22,2983.483333333333
2098,15,1419.45
2099,27,1430.5
2100,14,2073.7999999999997
2101,14,1274.25
2102,20,976.3833333333333
2103,18,1216.3
2104,16,697.8666666666667
2105,20,1513.7333333333333
2106,22,1535.65
2107,14,1718.7166666666667
2108,22,2725.2833333333333
2109,24,2195.9666666666667
2110,17,1688.4833333333331
2111,22,1402.8
2112,15,1495.35
2113,15,515.9166666666666
2114,19,2637.7333333333336
2115,15,2111.2166666666667
2116,19,2626.083333333333
2117,25,3856.5666666666666
2118,17,2332.9666666666667
2119,21,1782.2
2120,23,1464.1
2121,18,2254.25
2122,16,2049.1833333333334
2123,20,1080.5166666666667
2124,11,921.1333333333332
2125,21,2126.5833333333335
2126,15,1665.4666666666667
2127,23,2207.85
2128,26,1856.1666666666665
2129,23,2719.6833333333334
2130,18,1396.4666666666667
2131,15,1533.4666666666667
2132,27,3424.9833333333336
2133,20,881.8666666666667
2134,24,1653.85
2135,22,2079.2000000000003
2136,11,435.78333333333336
2137,27,2822.8166666666666
2138,20,3103.133333333333
2139,24,2930.0666666666666
2140,20,3746.1
2141,19,1877.5833333333333
2142,17,1549.0
2143,23,2531.8166666666666
2144,16,1087.9833333333333
2145,25,1886.7
2146,18,1645.25
2147,14,862.5
2148,27,2784.9
2149,26,3468.3166666666666
2150,19,2552.7833333333333
2151,21,2866.0
2152,19,1759.1
2153,17,1975.0333333333333
2154,19,1270.45
2155,19,2293.2833333333333
2156,24,1953.8666666666666
2157,17,2160.2833333333333
2158,18,1803.8
2159,16,1087.9666666666667
2160,15,1536.3
2161,20,1530.1833333333334
2162,18,1134.7166666666667
2163,23,2904.35
2164,20,1965.1333333333334
2165,18,2089.9166666666665
2166,22,2647.9333333333334
2167,21,2088.5
2168,19,3401.2166666666667
2169,20,1498.2666666666667
2170,16,1093.1333333333332
2171,15,436.1333333333333
2172,22,1078.0166666666667
2173,25,2251.866666666667
2174,27,3318.2
2175,20,3446.983333333333
2176,15,618.6333333333333
2177,19,1334.0
2178,18,2799.9833333333336
2179,14,825.6333333333333
2180,17,2148.883333333333
2181,20,1953.1166666666666
2182,26,2372.0333333333333
2183,24,2009.8166666666666
2184,24,3256.7833333333333
2185,24,3689.6833333333334
2186,16,1959.15
2187,29,2205.3333333333335
2188,24,2825.0833333333335
2189,25,1158.5666666666666
2190,20,3131.65
2191,23,2844.7
2192,22,3308.633333333333
2193,22,3288.8166666666666
2194,21,2252.633333333333
2195,14,1656.85
2196,27,4087.2
2197,23,2087.7666666666664
2198,16,2055.9166666666665
2199,23,1661.7833333333333
2200,22,1700.7333333333333
2201,27,3414.133333333333
2202,22,1160.9666666666667
2203,24,3878.75
2204,21,1974.7166666666667
2205,16,4309.866666666667
2206,23,1944.1999999999998
2207,26,1815.1666666666667
2208,21,3072.9333333333334
2209,14,1153.3666666666668
2210,21,2302.733333333333
2211,24,3015.1
2212,26,4653.633333333333
2213,18,1979.35
2214,20,642.35
2215,24,3007.083333333333
2216,14,1333.8833333333334
2217,29,4694.083333333333
2218,18,1076.7666666666667
2219,25,4275.716666666667
2220,21,2555.85
2221,16,1573.5166666666667
2222,13,974.75
2223,21,2648.5833333333335
2224,18,2540.633333333333
2225,30,2952.2
2226,23,1862.85
2227,11,520.0500000000001
2228,19,1252.1833333333334
2229,17,1914.6
2230,24,2002.3333333333333
2231,19,2159.1833333333334
2232,18,1216.2666666666667
2233,14,1915.6666666666665
2234,24,3009.016666666667
2235,24,1002.7666666666667
2236,29,2688.8333333333335
2237,32,2193.8333333333335
2238,20,2303.9333333333334
2239,23,2352.9833333333336
2240,18,1580.9833333333333
2241,23,1539.5333333333333
2242,20,1054.75
2243,15,1654.4
2244,29,3237.35
2245,22,1458.1333333333332
2246,19,1768.2333333333333
2247,19,1237.8
2248,20,1713.95
2249,13,2400.9166666666665
2250,16,1210.7333333333333
2251,21,1938.8666666666668
2252,17,884.3833333333333
2253,23,1166.7833333333333
2254,20,1592.85
2255,27,3168.116666666667
2256,21,2049.9666666666667
2257,18,1973.95
2258,22,3037.5
2259,24,2311.25
2260,19,2155.383333333333
2261,24,3359.3166666666666
2262,20,1793.6333333333332
2263,22,1858.4333333333334
2264,19,1172.8
2265,15,1238.1666666666665
2266,23,2764.116666666667
2267,22,2099.9333333333334
2268,23,1156.0333333333333
2269,20,1466.85
2270,21,2354.9666666666667
2271,21,1400.4833333333333
2272,26,2403.45
2273,12,555.0166666666667
2274,24,1217.2666666666667
2275,23,2106.05
2276,22,3836.4166666666665
2277,22,3229.233333333333
2278,20,2010.5833333333335
2279,22,2249.3166666666666
2280,25,2784.633333333333
2281,21,2489.583333333333
2282,23,2157.4
2283,23,1574.0666666666666
2284,17,1609.2333333333333
2285,29,2287.233333333333
2286,19,1283.0333333333333
2287,26,3174.1
2288,23,2251.116666666667
2289,24,1390.0333333333333
2290,19,1427.9833333333333
2291,22,1811.3
2292,14,904.2333333333333
2293,13,1541.3166666666666
2294,32,3390.7
2295,23,3157.75
2296,16,1535.45
2297,32,3233.2
2298,17,589.6833333333333
2299,21,2645.766666666667
2300,22,2730.85
2301,24,2054.916666666667
2302,20,1265.0
2303,16,1084.2166666666667
2304,16,1049.7833333333333
2305,21,1718.2833333333333
2306,28,3078.1833333333334
2307,22,1984.9666666666667
2308,28,3743.15
2309,22,2680.3166666666666
2310,13,1123.2166666666667
2311,12,1179.4666666666667
2312,22,2586.45
2313,12,1109.7
2314,23,4234.533333333334
2315,24,2392.5833333333335
2316,19,1051.2
2317,21,3468.166666666667
2318,18,1875.5166666666667
2319,21,2794.9
2320,14,2283.7
2321,18,1848.4666666666667
2322,18,1470.9333333333334
2323,20,1847.5666666666666
2324,18,1949.6
2325,23,1299.95
2326,21,3582.05
2327,24,2649.7833333333333
2328,23,3616.25
2329,22,1693.6166666666668
2330,16,2083.8
2331,18,1272.1833333333334
2332,23,2645.0666666666666
2333,11,666.2
2334,14,1219.75
2335,21,1038.7666666666667
2336,26,2089.516666666667
2337,27,1867.2
2338,23,1701.0166666666667
2339,27,2433.9666666666667
2340,29,3576.633333333333
2341,27,2402.5166666666664
2342,21,2160.0
2343,19,2144.2333333333336
2344,24,2036.9833333333333
2345,33,2938.116666666667
2346,19,1641.6
2347,18,1770.0666666666666
2348,23,1891.9333333333334
2349,22,2364.766666666667
2350,29,5503.266666666666
2351,25,2353.7833333333333
2352,18,2064.5833333333335
2353,18,2041.4833333333333
2354,16,1091.7
2355,25,1877.8166666666666
2356,26,2030.7166666666667
2357,24,1361.3833333333332
2358,23,2349.116666666667
2359,21,2991.85
2360,25,2243.866666666667
2361,25,3108.3
2362,20,1560.75
2363,13,934.0
2364,20,1073.9333333333334
2365,21,1832.1166666666666
2366,18,1721.25
2367,26,2339.633333333333
2368,22,2560.8
2369,19,3926.1666666666665
2370,15,1463.1833333333334
2371,22,2500.1666666666665
2372,22,1156.7333333333333
2373,20,1749.5666666666666
2374,20,2015.4166666666667
2375,20,933.5666666666667
2376,19,1547.4333333333334
2377,28,4646.033333333334
2378,21,2590.7833333333333
2379,16,1984.3833333333334
2380,19,2259.4333333333334
2381,21,2992.35
2382,21,988.75
2383,22,2307.266666666667
2384,17,2028.9166666666667
2385,22,2358.5833333333335
2386,27,2143.9166666666665
2387,31,3655.1666666666665
2388,23,2581.366666666667
2389,17,1893.2166666666667
2390,24,3925.866666666667
2391,27,2776.483333333333
2392,23,2578.5833333333335
2393,18,1112.7333333333333
2394,26,4001.5
2395,19,1717.5833333333333
2396,29,2961.5333333333333
2397,22,1600.1833333333334
2398,27,3461.95
2399,19,1872.75
2400,0,0.0
2401,0,0.0
2402,0,0.0
2403,0,0.0
2404,0,0.0
2405,0,0.0
2406,0,0.0
