seed,cost_wan,carbon_t,latency_ms,nu_pct,policy
0,183706.10929571567,2014723.0012202696,27.795350103819555,32.857597445461394,"[0.0, 0.0, 0.0, 0.0, 0.0]"
0,184354.57516736473,2019662.1963622724,25.336920961711577,32.8243834755846,"[14.947290038214755, 0.0, 9.026918173807115, 14.57658831722223, 0.008866839799008626]"
0,184354.57516736473,2019662.1963622724,25.336920961711577,32.8243834755846,"[14.900699177048894, 0.0, 8.995506545078909, 14.372500103512174, 0.008866839799008626]"
0,183706.10929571567,2014723.0012202696,27.795350103819555,32.857597445461394,"[0.0, 5.080788064674793e-05, 0.0, 0.0, 0.0]"
0,184338.38220847727,2019443.0719918231,25.37248822685319,32.82718755071057,"[15.0, 0.08015805682696686, 5.952234577678597, 15.221731347599832, 0.006010564830707921]"
0,183992.96663084254,2016668.1323767009,26.564067903582398,32.84564913103394,"[10.28095356554855, 0.03204888664267129, 12.701293398508136, 10.015391959577485, 0.0]"
0,184126.77464474787,2017651.7654913734,25.99314240594814,32.840465012608156,"[12.697323290104782, 9.04215218316554e-06, 5.005509900557363, 15.818036673716065, 0.0]"
0,184211.1652029449,2018263.6977937543,25.716013166980517,32.8363528248933,"[13.402631957302392, 0.15677278129000297, 14.22559385503079, 14.856267662668028, 0.001749561033774647]"
0,184294.0811782405,2018771.148360448,25.396928105545637,32.83287189542683,"[14.245310996498302, 0.0, 14.507550095895624, 13.433688553283165, 0.0]"
0,184250.50110125708,2018886.4790032944,25.686776964854033,32.83035382810986,"[13.77172596189859, 0.0314574198958052, 11.046173294420068, 12.624725320636955, 0.007302231656491287]"
0,183932.91070088051,2016601.299980319,26.96862074060313,32.84260274191778,"[8.52687295122076, 0.0, 11.774983257805106, 12.43749870076902, 0.005420940590724219]"
0,184064.12610747776,2017241.883803845,26.27173187426051,32.842269257937,"[11.728621813931657, 0.0, 11.637431397458657, 7.717928732092352, 1.5141093185606797e-06]"
0,184127.25186901618,2017620.134038999,26.01172961943457,32.84022545166978,"[12.977205518148697, 0.010904601061694542, 12.100514748006857, 10.485626747510764, 0.0012006381847459707]"
0,183796.2474157287,2015279.0065652318,27.393119987150484,32.85290503135159,"[6.372737278203909, 0.0008301261941734963, 11.923696122643374, 20.34521051548363, 0.0]"
0,184204.97757791224,2018187.4759726468,25.73948147813318,32.8376874283127,"[13.954403431795127, 0.03992933524479279, 6.957161370789727, 12.873016650996293, 0.0004107923702950845]"
0,184200.5435036736,2018107.2834536314,25.733058782730787,32.83739449838734,"[13.824920135264293, 0.03159670319854168, 10.993348817758882, 12.686906027920578, 0.0]"
0,184250.51490115043,2018896.5167083414,25.696706770043694,32.83037462395938,"[13.77172596189859, 0.0314574198958052, 11.126068682429155, 12.828140483290639, 0.007243250695199351]"
0,183771.15191369347,2015254.7489036322,27.553887440460482,32.853024917221795,"[5.219223599318715, 0.0008303740813023944, 11.729436184788018, 15.528556937532933, 0.00016321249368432848]"
0,184245.4964369651,2018721.3885169039,25.711452417521066,32.83131704329868,"[13.77172596189859, 0.0314574198958052, 11.126068682429153, 12.828140483290639, 0.005097242381135949]"
0,184027.1121032096,2017199.0670117163,26.556982181268346,32.83995937088149,"[10.975011945504058, 0.0, 9.507799413270128, 16.656359954870574, 0.005188531987440843]"
0,183746.7158009173,2015072.6102162222,27.662506342507104,32.85393262688581,"[4.398238139829154, 9.624709500217226e-05, 11.218747378612502, 11.346051575811558, 0.0018275109588466848]"
0,184054.7805731425,2017069.1126165804,26.28738355505838,32.84349576673915,"[11.900413723864377, 0.0, 11.768483237453207, 7.014796912153019, 0.0]"
0,184294.0811782405,2018771.148360448,25.396928105545637,32.83287189542683,"[15.0, 0.012880223739418314, 8.581197986890606, 14.679222950221506, 0.0]"
0,183934.98891582974,2016260.6068033362,26.813364004091536,32.848049037549345,"[9.037854878211423, 0.13520256782753506, 13.263980797073447, 10.600125246872299, 0.0]"
0,184054.7805731425,2017069.1126165804,26.28738355505838,32.84349576673915,"[11.900413723864377, 0.0, 11.714169197734973, 6.867932880818535, 0.0]"
0,183943.6287901103,2016398.5182131878,26.776043547545154,32.847100863813196,"[9.030594413594649, 0.1381259068835112, 12.112931029073339, 9.392151268764582, 0.0005085435678309622]"
0,183757.47318781682,2015074.8436807669,27.585332406692352,32.85486013203987,"[5.628463314046878, 0.0, 11.031144128747599, 15.197376109098307, 0.0]"
0,184352.58619659263,2019640.4791594665,25.341521834365665,32.8245219787332,"[15.0, 0.00686930962289119, 9.026918173807115, 14.57658831722223, 0.008630593149615288]"
0,183897.06079514173,2016112.8780267606,27.040576247814343,32.84820230206137,"[8.243132363146271, 0.0, 12.037885965672356, 12.008135794562495, 0.0013154974916150498]"
0,183943.6287901103,2016398.5182131878,26.776043547545154,32.847100863813196,"[9.079804162298391, 0.1381259068835112, 12.578764537387231, 9.546733202569037, 0.0005085435678309622]"
0,183845.512485395,2015702.459035795,27.208818751539656,32.85063756569642,"[7.273596071662076, 0.0, 11.332196531465362, 15.4403223946465, 0.00019916630749893606]"
0,183845.512485395,2015702.459035795,27.208818751539656,32.85063756569642,"[7.0477214878414625, 0.0, 11.332196531465362, 15.880680166040987, 0.00020187653830813627]"
0,183881.68618144115,2015909.0424380295,27.0472671282829,32.85056696878842,"[8.302843929072873, 0.03197811846682019, 11.43049205476997, 14.383548036669604, 8.107042809437414e-08]"
0,184338.38220847727,2019443.0719918231,25.37248822685319,32.82718755071057,"[15.0, 0.0003065075365731385, 6.243720926411208, 15.15065443761529, 0.006127656924987862]"
0,183878.55409751285,2015845.5898596686,27.088421532510246,32.85110407097511,"[8.302843929072873, 0.03204888664267129, 12.631980133421864, 9.901163216135389, 0.0]"
0,183810.3112370613,2015481.7784217591,27.38713634977233,32.85081163819006,"[6.652575463292988, 0.0026941234106458885, 12.237256514167635, 17.47023751529946, 0.00040566111396565086]"
0,183730.31412218785,2014849.861132524,27.71591675114629,32.85567328415816,"[4.383509227963401, 0.0, 10.475580143201379, 14.691972564984813, 0.0]"
0,184064.12610747776,2017241.883803845,26.27173187426051,32.842269257937,"[11.777422813168087, 0.037219483273455894, 11.480365085761385, 7.3716973300860715, 1.6078854058899176e-06]"
0,183992.96663084254,2016668.1323767009,26.564067903582398,32.84564913103394,"[10.456893513599852, 0.03493793981390229, 11.628310781027222, 7.478625387501314, 0.0]"
0,183730.31412218785,2014849.861132524,27.71591675114629,32.85567328415816,"[4.383509227963401, 0.0, 10.475580143201379, 14.692035187609706, 0.0]"
1,183706.10929571567,2014723.0012202696,27.795350103819555,32.857597445461394,"[0.0, 0.0, 0.0, 0.0, 0.0]"
1,184738.86694672197,2025456.651173059,25.28863533101265,32.76923261100304,"[14.32603492472318, 0.05724884033562156, 7.686814073542218, 14.573438908771163, 0.062212632768497984]"
1,184738.86694672197,2025456.651173059,25.28863533101265,32.76923261100304,"[14.228537645196777, 0.06440681033882222, 7.775566605298357, 14.458211848863144, 0.062212632768497984]"
1,183706.10929571567,2014723.0012202696,27.795350103819555,32.857597445461394,"[0.09749727952640287, 0.0, 0.0, 0.11522705990802042, 0.0]"
1,184545.0255783304,2022548.2426236563,25.334829602847194,32.796655963640156,"[15.0, 0.049352732224375126, 2.353154063905057, 13.969081238774116, 0.03526082983436898]"
1,184735.0009261278,2025359.518281381,25.321730198062355,32.770230531786225,"[15.0, 0.05724884033562156, 7.30029853040077, 14.608457632138784, 0.061254708106544126]"
1,184441.44239050246,2021042.8018914224,25.339889055698738,32.81139010493326,"[14.814649332994536, 8.905436354362474e-07, 6.235337337902325, 14.47394928885497, 0.02202625497079323]"
1,184545.0255783304,2022548.2426236563,25.334829602847194,32.796655963640156,"[15.0, 0.057352801048770344, 2.44931619771445, 14.431367943126613, 0.03526082983436898]"
1,184409.14986693935,2020590.0811274012,25.361174624564722,32.815646082766,"[15.0, 0.14179740344552588, 7.138323709668118, 12.01308768475341, 0.01736452075328509]"
1,184347.77042640845,2019573.2954465416,25.383114911551424,32.825317189325865,"[14.242427989620708, 0.0, 4.5473386184104205, 10.593492196490153, 0.007838695744293422]"
1,183992.96663084254,2016668.1323767009,26.564067903582398,32.84564913103394,"[10.651387165202252, 0.0, 12.557783780366401, 11.395628010918411, 0.0]"
1,184250.50110125708,2018886.4790032944,25.686776964854033,32.83035382810986,"[13.095446889327834, 0.0, 4.457978392639089, 10.422513035687885, 0.007838695744293422]"
1,183881.68618144115,2015909.0424380295,27.0472671282829,32.85056696878842,"[8.534474730996575, 0.0, 13.876620479276855, 11.418267075696384, 9.718825198079406e-05]"
1,184196.20971190938,2018610.7748096506,25.99062731202357,32.83069487680868,"[12.988825036627425, 0.002046612922694312, 2.883171590945887, 10.448612082759084, 0.009020619115706402]"
1,184127.25186901618,2017620.134038999,26.01172961943457,32.84022545166978,"[12.55583827172588, 0.0, 6.194984925669922, 12.69471364150458, 0.0014180251894545773]"
1,184027.1121032096,2017199.0670117163,26.556982181268346,32.83995937088149,"[10.207172025149132, 0.0, 11.428032235931571, 10.540158063358566, 0.005358063682656043]"
1,184294.0811782405,2018771.148360448,25.396928105545637,32.83287189542683,"[15.0, 0.0, 6.023397987271876, 7.488941351545379, 0.0]"
1,184734.27518707758,2025392.6590178842,25.300463178746433,32.76978528381951,"[14.221896715511898, 0.05724884033562156, 7.30029853040077, 14.61115289332906, 0.06126900138923941]"
1,184347.77042640845,2019573.2954465416,25.383114911551424,32.825317189325865,"[14.22850331268067, 0.0, 4.545495135182474, 10.60743765287118, 0.007838695744293422]"
1,184204.97757791224,2018187.4759726468,25.73948147813318,32.8376874283127,"[13.549503087623213, 0.0, 4.516320764334671, 11.602857291080818, 0.00066500906262532]"
1,183771.15191369347,2015254.7489036322,27.553887440460482,32.853024917221795,"[5.728651153182617, 0.011939723246243776, 9.720560330759643, 12.180144725927214, 0.0005401917087473261]"
1,183796.2474157287,2015279.0065652318,27.393119987150484,32.85290503135159,"[6.43053590352499, 0.0010775948375474737, 9.997331654524812, 12.209536560252648, 0.0]"
1,183845.512485395,2015702.459035795,27.208818751539656,32.85063756569642,"[7.623010826608584, 0.011698347195436184, 10.916121907421683, 12.337119948076932, 0.00014597035880396626]"
1,183810.3112370613,2015481.7784217591,27.38713634977233,32.85081163819006,"[6.052696465884199, 0.011939723246243776, 9.720560330759643, 12.180144725927214, 0.0005351468102971629]"
1,184054.7805731425,2017069.1126165804,26.28738355505838,32.84349576673915,"[11.499723779431273, 0.0, 12.812026187474848, 10.996461027259285, 0.0]"
1,183730.31412218785,2014849.861132524,27.71591675114629,32.85567328415816,"[4.363853766658929, 0.0, 9.778850863665255, 13.600396655374952, 0.0]"
1,184409.14986693935,2020590.0811274012,25.361174624564722,32.815646082766,"[14.522209915986599, 0.13998931083420615, 3.452219450511497, 15.910837028099323, 0.01743827809491442]"
1,183932.91070088051,2016601.299980319,26.96862074060313,32.84260274191778,"[8.803084877966938, 0.0011767351180121113, 9.791370712231938, 11.832341473453342, 0.005377288092612548]"
1,183925.63432547,2016521.747301581,27.040234574927943,32.84394687724568,"[8.089749514066346, 0.0, 11.428032235931571, 10.540158063358566, 0.003150675140689141]"
1,184441.44239050246,2021042.8018914224,25.339889055698738,32.81139010493326,"[15.0, 9.247729851128893e-07, 8.068350649270899, 12.208588064404399, 0.02202474802809553]"
1,184064.12610747776,2017241.883803845,26.27173187426051,32.842269257937,"[11.771257450888648, 0.0004733869761383189, 10.66852368729053, 9.735745342307284, 0.0001230115751476062]"
1,184250.51490115043,2018896.5167083414,25.696706770043694,32.83037462395938,"[13.095446889327834, 0.0, 4.891426406961402, 10.466320970482109, 0.007194707156148512]"
1,184064.12610747776,2017241.883803845,26.27173187426051,32.842269257937,"[11.6209697637021, 0.0004560885104073529, 10.574354143709876, 10.001815314906429, 0.00020726272287101199]"
1,184211.1652029449,2018263.6977937543,25.716013166980517,32.8363528248933,"[13.03328339552042, 1.0185748294385507e-05, 9.2633535714339, 14.268560288405618, 0.0016178752064877938]"
1,183943.6287901103,2016398.5182131878,26.776043547545154,32.847100863813196,"[9.805287508247977, 0.00410974840263361, 12.900520927600969, 12.027706763675923, 2.5498112511510507e-05]"
1,183757.47318781682,2015074.8436807669,27.585332406692352,32.85486013203987,"[5.806121865124085, 0.0, 9.953499263094685, 12.16162779373197, 0.0]"
1,184294.0811782405,2018771.148360448,25.396928105545637,32.83287189542683,"[14.646388721451455, 0.0, 6.885419540774315, 5.963685677769743, 0.0]"
1,183719.40060445305,2014889.1559970719,27.772289019689776,32.85590556301165,"[0.0, 0.0, 0.0, 0.0, 0.0020721350639383474]"
1,183934.98891582974,2016260.6068033362,26.813364004091536,32.848049037549345,"[9.174082334541472, 0.0018438400210233359, 11.428032235931571, 10.540158063358566, 0.0]"
1,183943.6287901103,2016398.5182131878,26.776043547545154,32.847100863813196,"[9.805287508247977, 0.00410974840263361, 12.77678406101721, 12.027321192302816, 9.451849168651344e-05]"
2,183706.10929571567,2014723.0012202696,27.795350103819555,32.857597445461394,"[0.0, 0.0, 0.0, 0.0, 0.0]"
2,184354.57516736473,2019662.1963622724,25.336920961711577,32.8243834755846,"[14.424690061154013, 0.0, 11.041081817662327, 7.949902842885981, 0.008863587290174483]"
2,184354.57516736473,2019662.1963622724,25.336920961711577,32.8243834755846,"[14.369187179569042, 0.0, 11.026292984967897, 7.949902842885981, 0.008863587290174483]"
2,183706.10929571567,2014723.0012202696,27.795350103819555,32.857597445461394,"[0.13042108694508003, 0.0, 0.0, 0.0, 0.0]"
2,184126.77464474787,2017651.7654913734,25.99314240594814,32.840465012608156,"[12.731404025308192, 0.0, 12.100008827729226, 7.811177711174752, 0.0]"
2,184032.72214781377,2017287.741963199,26.55355815939055,32.83995862966482,"[10.95550815131746, 0.0004860825578514204, 12.128531393557234, 11.569872398263486, 0.006108570535981308]"
2,183771.15191369347,2015254.7489036322,27.553887440460482,32.853024917221795,"[5.640670264777648, 0.0022617901367594857, 11.501368217583192, 14.226603651447153, 8.308602749968329e-05]"
2,183925.63432547,2016521.747301581,27.040234574927943,32.84394687724568,"[8.55633958837705, 0.08182570901529872, 12.463478333898259, 11.485524331252428, 0.0038397285145812055]"
2,183992.96663084254,2016668.1323767009,26.564067903582398,32.84564913103394,"[10.29359240469585, 0.0024169877869684, 12.561469909172166, 12.374933090054167, 0.0]"
2,184211.1652029449,2018263.6977937543,25.716013166980517,32.8363528248933,"[13.976180070034339, 0.0, 11.045329093577326, 10.702497857217415, 0.0011201655800773835]"
2,184250.50110125708,2018886.4790032944,25.686776964854033,32.83035382810986,"[13.44145603320874, 0.0, 11.74859816561924, 10.280728121364339, 0.0074206902877731445]"
2,183838.3558836207,2015594.9752811545,27.22357986140146,32.851078219226416,"[7.500814829032655, 0.07763725466243868, 13.80465279987731, 11.733977940993155, 0.0]"
2,184127.25186901618,2017620.134038999,26.01172961943457,32.84022545166978,"[12.750638243216555, 0.0, 12.94371832827639, 6.807028274584721, 0.0012355434205388177]"
2,184321.35117014233,2019214.1298164004,25.390446441960112,32.829263636869356,"[15.0, 0.0, 11.981054343937823, 0.0, 0.004647413551296229]"
2,183735.0112167346,2014933.3122492512,27.65665476610788,32.85542415776837,"[4.419496879138509, 0.0, 11.447261132504867, 13.884358514750641, 5.387285216243533e-05]"
2,183864.6537708311,2016047.3606678853,27.213541819520785,32.84736768549443,"[7.293344003711804, 0.08100657364769358, 12.463478333898259, 12.809751747353992, 0.003759497513072626]"
2,183881.68618144115,2015909.0424380295,27.0472671282829,32.85056696878842,"[8.318086953372994, 0.11127065725468929, 15.01679862919915, 11.844252534937253, 0.00018795503650480714]"
2,184296.7345458925,2018741.9195155054,25.41398691311981,32.83232236642248,"[14.511481780556478, 0.0, 10.582970672549195, 0.1478083787901591, 9.167762168097258e-06]"
2,184054.7805731425,2017069.1126165804,26.28738355505838,32.84349576673915,"[11.590163000583123, 0.006649528030413127, 11.434634923669199, 9.175180616821477, 0.0]"
2,184064.12610747776,2017241.883803845,26.27173187426051,32.842269257937,"[11.610215656960946, 0.0, 17.079209361229655, 13.302833026195666, 0.000599575551354514]"
2,183796.2474157287,2015279.0065652318,27.393119987150484,32.85290503135159,"[6.396002426508177, 0.07763725466243868, 13.640302105517737, 14.039709830394713, 0.0]"
2,184341.6346946134,2019494.5063464153,25.370869698941164,32.8267368703937,"[14.42456935211408, 0.0, 11.039505559455689, 9.92751232059741, 0.006708096512477034]"
2,184292.846134443,2018752.1560893487,25.39829971995856,32.833070872773476,"[14.095319039121717, 0.0, 11.715205258902115, 0.3845995191448761, 0.0]"
2,184064.12610747776,2017241.883803845,26.27173187426051,32.842269257937,"[11.610215656960946, 0.0, 17.279634784086394, 13.302833026195666, 0.000599575551354514]"
2,184200.5435036736,2018107.2834536314,25.733058782730787,32.83739449838734,"[13.220916344463182, 0.0, 11.727671081540889, 9.209783780640306, 0.0]"
2,183943.6287901103,2016398.5182131878,26.776043547545154,32.847100863813196,"[9.056305807359161, 0.0, 12.437780256301174, 13.103158612072427, 0.00029551844724463226]"
2,183934.98891582974,2016260.6068033362,26.813364004091536,32.848049037549345,"[9.865291232647692, 0.06373697479474366, 13.051729640394576, 12.349104174313357, 0.0]"
2,183992.96663084254,2016668.1323767009,26.564067903582398,32.84564913103394,"[10.693503164631611, 0.0, 10.868857800053641, 10.124316626330069, 0.0]"
2,183934.98891582974,2016260.6068033362,26.813364004091536,32.848049037549345,"[9.250836358108577, 0.07772879124005985, 12.755748615692422, 11.733977940993153, 0.0]"
2,183730.31412218785,2014849.861132524,27.71591675114629,32.85567328415816,"[4.496169496092329, 0.001864191629338882, 11.447261132504867, 14.21654553277606, 0.0]"
2,183878.55409751285,2015845.5898596686,27.088421532510246,32.85110407097511,"[8.353691622642696, 0.07763725466243868, 13.80465279987731, 11.733977940993153, 0.0]"
2,184316.3307470705,2019123.055121744,25.396764884111004,32.83021419584979,"[14.635839411382952, 0.0, 11.039234432254966, 0.0, 0.004005698361730438]"
2,183810.3112370613,2015481.7784217591,27.38713634977233,32.85081163819006,"[6.973716919388779, 0.0, 10.403039332433037, 9.6818593869252, 0.0006902926160854635]"
2,183943.6287901103,2016398.5182131878,26.776043547545154,32.847100863813196,"[9.056305807359161, 0.0, 12.604169324273773, 12.047885266975541, 0.00024137245967729545]"
2,184054.7805731425,2017069.1126165804,26.28738355505838,32.84349576673915,"[11.98069053695742, 0.0, 12.100008827729226, 7.811177711174752, 0.0]"
2,184296.7345458925,2018741.9195155054,25.41398691311981,32.83232236642248,"[14.074443307642879, 0.0, 11.783712124617386, 0.0, 3.462863336886897e-05]"
2,184250.50110125708,2018886.4790032944,25.686776964854033,32.83035382810986,"[13.444221883514057, 0.044762191180254686, 11.771754047062602, 10.280728121364339, 0.007481373942571034]"
2,184202.94962340812,2018097.2192039497,25.75580419255616,32.83711714987027,"[13.853396604270518, 0.0, 7.416540870531257, 0.0, 0.0]"
2,184341.6346946134,2019494.5063464153,25.370869698941164,32.8267368703937,"[14.596933733057632, 0.0, 11.486459421954434, 7.333446814844938, 0.006708096512477034]"
2,184352.58619659263,2019640.4791594665,25.341521834365665,32.8245219787332,"[14.253312987133736, 0.0, 10.508717949225188, 7.949902842885981, 0.0086531763692169]"
