series,layer,family,model,mape_mean,mape_std,rmse_mean,rmse_std,cov_mean,cov_std,width_mean,pinball_mean,n_folds,gate
RegionA|RealTimeInference,task,统计基线,stat_hist,60.79037727772352,2.707591099228068,48.3450002552148,3.189547986407452,0.8954081632653061,0.0208029418753827,102.34000000000005,27.55910204081633,5,通过:统计基线(门)
RegionA|RealTimeInference,task,树类,lgbm_point,65.91756756258484,3.7380510737840766,51.42285165237087,2.622919713189503,0.8311224489795919,0.0242950376547124,119.397357675161,37.79120871524121,5,拒绝:cov增益=-0.064(<基线std=0.021) 或宽度失控(119>118) 或pinball恶化(-37.1%<-2%) pinball降幅=-37.1%
RegionA|RealTimeInference,task,树类,xgboost_point,64.75973315369257,4.898953074077015,51.31129971927719,3.543743004594661,0.8285714285714286,0.0397828340604447,119.397357675161,37.9226526209082,5,拒绝:cov增益=-0.067(<基线std=0.021) 或宽度失控(119>118) 或pinball恶化(-37.6%<-2%) pinball降幅=-37.6%
RegionA|RealTimeInference,task,树类,qrf_quantile,61.56206925191047,2.926160521094906,48.65709820615774,2.9423461334901138,0.8943877551020408,0.0190559687724317,102.55,27.619795918367345,5,拒绝:cov增益=-0.001(<基线std=0.021) 或宽度失控(103>118) 或pinball恶化(-0.2%<-2%) pinball降幅=-0.2%
RegionA|RealTimeInference,task,树类,lgbm_quantile,94.55386275636732,4.03989973866207,54.15016389485071,3.6683489623163408,0.8413265306122449,0.0227026484298846,79.71319642376925,29.64457436479451,5,拒绝:cov增益=-0.054(<基线std=0.021) 或宽度失控(80>118) 或pinball恶化(-7.6%<-2%) pinball降幅=-7.6%
RegionA|RealTimeInference,task,树类,gbm_quantile,100.0,0.0,55.2515860962259,3.1867849686823475,0.863265306122449,0.0247067347200065,91.42524650847534,28.23499776566185,5,拒绝:cov增益=-0.032(<基线std=0.021) 或宽度失控(91>118) 或pinball恶化(-2.5%<-2%) pinball降幅=-2.5%
RegionA|RealTimeInference,task,深度,deep_lstm,59.87862856023683,1.1817159333804912,48.34204612491404,3.210435777288257,0.8520408163265307,0.0145430538915706,118.67318119435303,36.486572785046185,5,拒绝:cov增益=-0.043(<基线std=0.021) 或宽度失控(119>118) 或pinball恶化(-32.4%<-2%) pinball降幅=-32.4%
RegionA|RealTimeInference,task,深度,deep_tcn,60.72204071014677,2.755601804119724,48.39304553370621,3.2060238263821863,0.8505102040816327,0.0153697656442776,118.67318119435302,36.49060446710869,5,拒绝:cov增益=-0.045(<基线std=0.021) 或宽度失控(119>118) 或pinball恶化(-32.4%<-2%) pinball降幅=-32.4%
RegionA|RealTimeInference,task,基础模型,tabpfn,61.95266661851527,2.259049526748385,48.56506026831582,3.0832668466922897,0.9112244897959184,0.0087258323349423,113.70374908447266,28.31331640133406,5,拒绝:cov增益=+0.016(<基线std=0.021) 或宽度失控(114>118) 或pinball恶化(-2.7%<-2%) pinball降幅=-2.7%
RegionA|BatchInference,task,统计基线,stat_hist,65.06349217186695,3.506371133921061,17.14505000679535,1.0361532905263384,0.9066326530612244,0.0218406681561265,43.02000000000002,12.19745918367347,5,通过:统计基线(门)
RegionA|BatchInference,task,树类,lgbm_point,76.50736215214175,4.9167407370258704,18.67093926012637,0.8986487940546228,0.7887755102040817,0.0192090312214456,44.847901190328045,13.887980599501764,5,拒绝:cov增益=-0.118(<基线std=0.022) 或宽度失控(45>49) 或pinball恶化(-13.9%<-2%) pinball降幅=-13.9%
RegionA|BatchInference,task,树类,xgboost_point,77.2118204035708,8.163407560500366,18.72387225882668,1.1683314544921273,0.7897959183673471,0.0415119298098122,44.847901190328045,13.917528507370742,5,拒绝:cov增益=-0.117(<基线std=0.022) 或宽度失控(45>49) 或pinball恶化(-14.1%<-2%) pinball降幅=-14.1%
RegionA|BatchInference,task,树类,qrf_quantile,68.54022232507339,3.487206816186488,17.42809452979426,0.949565023479896,0.9132653061224492,0.019175122931598,44.07602040816327,12.291275510204082,5,拒绝:cov增益=+0.007(<基线std=0.022) 或宽度失控(44>49) 或pinball恶化(-0.8%<-2%) pinball降幅=-0.8%
RegionA|BatchInference,task,树类,lgbm_quantile,64.70865119363391,3.133565015552352,18.12212223269693,1.05514443143292,0.7816326530612245,0.1020344385761992,38.12412264210479,12.919347053633146,5,拒绝:cov增益=-0.125(<基线std=0.022) 或宽度失控(38>49) 或pinball恶化(-5.9%<-2%) pinball降幅=-5.9%
RegionA|BatchInference,task,树类,gbm_quantile,63.44472060891985,4.286430727761431,17.75704550251963,1.1104464279078443,0.8933673469387754,0.028026416259127,42.61190897074041,12.52081286267003,5,拒绝:cov增益=-0.013(<基线std=0.022) 或宽度失控(43>49) 或pinball恶化(-2.7%<-2%) pinball降幅=-2.7%
RegionA|BatchInference,task,深度,deep_lstm,65.56839793287241,4.605225717122776,17.13265084665746,1.019064389114574,0.886734693877551,0.0263015028954734,45.0426974727269,12.646554135216215,5,拒绝:cov增益=-0.020(<基线std=0.022) 或宽度失控(45>49) 或pinball恶化(-3.7%<-2%) pinball降幅=-3.7%
RegionA|BatchInference,task,深度,deep_tcn,64.20157570318756,3.84784701836952,17.125332898125432,1.050651362873653,0.8857142857142858,0.0265355175998894,45.0426974727269,12.644063163763931,5,拒绝:cov增益=-0.021(<基线std=0.022) 或宽度失控(45>49) 或pinball恶化(-3.7%<-2%) pinball降幅=-3.7%
RegionA|BatchInference,task,基础模型,tabpfn,67.53305296239009,3.9903723094627535,17.298504803868315,0.993856756048918,0.7693877551020407,0.0712369879684037,47.64015426635742,12.451296302447409,5,拒绝:cov增益=-0.137(<基线std=0.022) 或宽度失控(48>49) 或pinball恶化(-2.1%<-2%) pinball降幅=-2.1%
RegionA|AITraining,task,统计基线,stat_hist,81.81928494314505,8.703738202794213,7.0641517172126616,0.3620506994461497,0.826530612244898,0.0230299363332497,18.34000000000001,5.188336734693877,5,通过:统计基线(门)
RegionA|AITraining,task,树类,lgbm_point,85.75263711962138,11.285878055115308,7.676727902007213,0.4022359817944001,0.7913265306122449,0.0264741353349379,18.16699799130944,5.7078690093575375,5,拒绝:cov增益=-0.035(<基线std=0.023) 或宽度失控(18>21) 或pinball恶化(-10.0%<-2%) pinball降幅=-10.0%
RegionA|AITraining,task,树类,xgboost_point,85.11985931958239,12.24442837868013,7.807279578865179,1.065632631702433,0.7877551020408162,0.0577060890320099,18.16699799130944,5.827085273826304,5,拒绝:cov增益=-0.039(<基线std=0.023) 或宽度失控(18>21) 或pinball恶化(-12.3%<-2%) pinball降幅=-12.3%
RegionA|AITraining,task,树类,qrf_quantile,82.62778639696782,8.151453202845778,7.1749697988250745,0.368826104335364,0.8397959183673469,0.040108661238844,18.14081632653061,5.254132653061225,5,拒绝:cov增益=+0.013(<基线std=0.023) 或宽度失控(18>21) 或pinball恶化(-1.3%<-2%) pinball降幅=-1.3%
RegionA|AITraining,task,树类,lgbm_quantile,76.3030669820608,8.929313180817937,7.477044419153813,0.4303267668334924,0.6938775510204082,0.0911967496516299,14.403507018158852,5.540761226890245,5,拒绝:cov增益=-0.133(<基线std=0.023) 或宽度失控(14>21) 或pinball恶化(-6.8%<-2%) pinball降幅=-6.8%
RegionA|AITraining,task,树类,gbm_quantile,71.93555153350876,7.682702870270686,7.3917776159591,0.5078154314611073,0.764795918367347,0.0758987521291392,16.54428947772197,5.380481953035734,5,拒绝:cov增益=-0.062(<基线std=0.023) 或宽度失控(17>21) 或pinball恶化(-3.7%<-2%) pinball降幅=-3.7%
RegionA|AITraining,task,深度,deep_lstm,82.37298886762808,7.754028443872594,7.053999403630193,0.3622984470428886,0.8163265306122447,0.0288615012729202,18.24489471932199,5.209151929832611,5,拒绝:cov增益=-0.010(<基线std=0.023) 或宽度失控(18>21) 或pinball恶化(-0.4%<-2%) pinball降幅=-0.4%
RegionA|AITraining,task,深度,deep_tcn,81.36083421988864,6.974076907559589,7.0611390943551084,0.3588493867379218,0.8178571428571428,0.0272135415369277,18.24489471932199,5.214275058487486,5,拒绝:cov增益=-0.009(<基线std=0.023) 或宽度失控(18>21) 或pinball恶化(-0.5%<-2%) pinball降幅=-0.5%
RegionA|AITraining,task,基础模型,tabpfn,85.49645099187255,8.297672859862095,7.130147140197311,0.3708979192326164,0.8244897959183675,0.0410310043172879,19.828377532958985,5.293182975236252,5,拒绝:cov增益=-0.002(<基线std=0.023) 或宽度失控(20>21) 或pinball恶化(-2.0%<-2%) pinball降幅=-2.0%
RegionB|RealTimeInference,task,统计基线,stat_hist,60.44377330914756,4.945874892905124,46.28890126885271,6.062588682303465,0.8954081632653061,0.0260154056815958,101.38000000000002,26.164020408163264,5,通过:统计基线(门)
RegionB|RealTimeInference,task,树类,lgbm_point,63.13996786313703,7.321536223021466,51.16827739404662,4.688293265630668,0.8096938775510203,0.0371696892317428,117.77723908503904,37.95056480784947,5,拒绝:cov增益=-0.086(<基线std=0.026) 或宽度失控(118>117) 或pinball恶化(-45.0%<-2%) pinball降幅=-45.0%
RegionB|RealTimeInference,task,树类,xgboost_point,64.69944920552267,5.6329719670842415,51.61291542043803,5.51332080770674,0.8040816326530612,0.054097273441021,117.77723908503904,38.50127280398026,5,拒绝:cov增益=-0.091(<基线std=0.026) 或宽度失控(118>117) 或pinball恶化(-47.2%<-2%) pinball降幅=-47.2%
RegionB|RealTimeInference,task,树类,qrf_quantile,59.70366682587269,8.137266952483845,47.45860275385427,5.480865293501904,0.8994897959183674,0.0408402353444544,101.7219387755102,26.4,5,拒绝:cov增益=+0.004(<基线std=0.026) 或宽度失控(102>117) 或pinball恶化(-0.9%<-2%) pinball降幅=-0.9%
RegionB|RealTimeInference,task,树类,lgbm_quantile,87.38930931309929,14.941448247391865,52.690102249423646,6.803003339078973,0.8566326530612244,0.0408720920071332,84.65226008952656,29.478627635619603,5,拒绝:cov增益=-0.039(<基线std=0.026) 或宽度失控(85>117) 或pinball恶化(-12.7%<-2%) pinball降幅=-12.7%
RegionB|RealTimeInference,task,树类,gbm_quantile,100.0,0.0,52.37773945398451,7.413184742842301,0.883673469387755,0.0376048444113077,95.0011157476059,26.57385006468109,5,拒绝:cov增益=-0.012(<基线std=0.026) 或宽度失控(95>117) 或pinball恶化(-1.6%<-2%) pinball降幅=-1.6%
RegionB|RealTimeInference,task,深度,deep_lstm,61.37419797587735,3.77589609727632,46.12402468117366,6.168426354974783,0.8551020408163265,0.0311600642542907,116.87666748763256,35.16676372879374,5,拒绝:cov增益=-0.040(<基线std=0.026) 或宽度失控(117>117) 或pinball恶化(-34.4%<-2%) pinball降幅=-34.4%
RegionB|RealTimeInference,task,深度,deep_tcn,61.50409209372263,3.471176080107808,46.09979938661104,6.25639796700358,0.8571428571428571,0.0336985837082216,116.87666748763256,35.13761852574723,5,拒绝:cov增益=-0.038(<基线std=0.026) 或宽度失控(117>117) 或pinball恶化(-34.3%<-2%) pinball降幅=-34.3%
RegionB|RealTimeInference,task,基础模型,tabpfn,61.46574607888075,6.051543685996342,46.71811451556757,5.894921453692672,0.9132653061224488,0.0280031867348216,111.67803649902343,27.286649191425163,5,拒绝:cov增益=+0.018(<基线std=0.026) 或宽度失控(112>117) 或pinball恶化(-4.3%<-2%) pinball降幅=-4.3%
RegionB|BatchInference,task,统计基线,stat_hist,61.24573638500785,3.271626082585492,16.70253758983644,1.3523840013052617,0.9051020408163266,0.0339103449585864,41.75999999999999,11.943602040816328,5,通过:统计基线(门)
RegionB|BatchInference,task,树类,lgbm_point,72.97541952722354,6.330182850356252,18.464542109949665,1.2139768371732311,0.7663265306122449,0.0142720415619381,43.29644102331755,13.813501736072954,5,拒绝:cov增益=-0.139(<基线std=0.034) 或宽度失控(43>48) 或pinball恶化(-15.7%<-2%) pinball降幅=-15.7%
RegionB|BatchInference,task,树类,xgboost_point,71.52795110345689,10.09019588942268,18.403589747425645,1.1867633244859708,0.7668367346938776,0.03329057197502,43.29644102331754,13.738150888735516,5,拒绝:cov增益=-0.138(<基线std=0.034) 或宽度失控(43>48) 或pinball恶化(-15.0%<-2%) pinball降幅=-15.0%
RegionB|BatchInference,task,树类,qrf_quantile,63.34557736309771,5.8485432684749386,16.974674476165312,1.213947444063084,0.898469387755102,0.0373356456662769,41.731632653061226,12.036938775510205,5,拒绝:cov增益=-0.007(<基线std=0.034) 或宽度失控(42>48) 或pinball恶化(-0.8%<-2%) pinball降幅=-0.8%
RegionB|BatchInference,task,树类,lgbm_quantile,64.35671573626551,3.707143059672829,17.893413565520987,1.7840598988576868,0.7770408163265305,0.0970494802887846,36.09389652455975,12.825164661112558,5,拒绝:cov增益=-0.128(<基线std=0.034) 或宽度失控(36>48) 或pinball恶化(-7.4%<-2%) pinball降幅=-7.4%
RegionB|BatchInference,task,树类,gbm_quantile,61.91546992697802,4.441865758902363,17.508311154105236,1.8817650444478204,0.8765306122448979,0.0448283319112016,40.28316824275353,12.384075850180484,5,拒绝:cov增益=-0.029(<基线std=0.034) 或宽度失控(40>48) 或pinball恶化(-3.7%<-2%) pinball降幅=-3.7%
RegionB|BatchInference,task,深度,deep_lstm,60.450570777225565,2.800503503966927,16.687304522695833,1.365286522980191,0.8826530612244898,0.02440194702769,43.27275482568005,12.333640233492805,5,拒绝:cov增益=-0.022(<基线std=0.034) 或宽度失控(43>48) 或pinball恶化(-3.3%<-2%) pinball降幅=-3.3%
RegionB|BatchInference,task,深度,deep_tcn,60.412385368732906,3.039499132064901,16.69230398045422,1.374656313629805,0.8765306122448979,0.0307501147047023,43.27275482568005,12.339058031007433,5,拒绝:cov增益=-0.029(<基线std=0.034) 或宽度失控(43>48) 或pinball恶化(-3.3%<-2%) pinball降幅=-3.3%
RegionB|BatchInference,task,基础模型,tabpfn,63.02919594392877,3.521367299291881,16.866471719202913,1.3799937217733165,0.7244897959183674,0.0514332784532039,45.1084228515625,12.245749041136136,5,拒绝:cov增益=-0.181(<基线std=0.034) 或宽度失控(45>48) 或pinball恶化(-2.5%<-2%) pinball降幅=-2.5%
RegionB|AITraining,task,统计基线,stat_hist,94.26129221397906,10.83469420744815,6.347745103598791,0.3022186315354114,0.9244897959183674,0.0120466519929771,17.8,4.599897959183673,5,通过:统计基线(门)
RegionB|AITraining,task,树类,lgbm_point,114.07899825755143,17.273015812250478,7.108359983593256,0.1241341343180442,0.7602040816326531,0.0204081632653061,16.780923442959043,5.321145081006733,5,拒绝:cov增益=-0.164(<基线std=0.012) 或宽度失控(17>20) 或pinball恶化(-15.7%<-2%) pinball降幅=-15.7%
RegionB|AITraining,task,树类,xgboost_point,116.70418746750772,18.69717533699088,7.352375294567433,0.3729442814654255,0.746938775510204,0.0268403233419645,16.780923442959043,5.500803427393788,5,拒绝:cov增益=-0.178(<基线std=0.012) 或宽度失控(17>20) 或pinball恶化(-19.6%<-2%) pinball降幅=-19.6%
RegionB|AITraining,task,树类,qrf_quantile,102.29942998031422,15.441421944189145,6.531821065494806,0.1592061346116017,0.9,0.0154542155416948,18.04234693877552,4.680765306122448,5,拒绝:cov增益=-0.024(<基线std=0.012) 或宽度失控(18>20) 或pinball恶化(-1.8%<-2%) pinball降幅=-1.8%
RegionB|AITraining,task,树类,lgbm_quantile,95.64411499866289,20.021493778479293,6.776037138204572,0.2540076439232131,0.7147959183673469,0.0401086612388439,14.806129548178337,4.953029609185878,5,拒绝:cov增益=-0.210(<基线std=0.012) 或宽度失控(15>20) 或pinball恶化(-7.7%<-2%) pinball降幅=-7.7%
RegionB|AITraining,task,树类,gbm_quantile,93.40086176078516,19.181299063396544,6.689646642768684,0.2190705901925524,0.8954081632653061,0.036879674221431,17.985790503013796,4.830672262383818,5,拒绝:cov增益=-0.029(<基线std=0.012) 或宽度失控(18>20) 或pinball恶化(-5.0%<-2%) pinball降幅=-5.0%
RegionB|AITraining,task,深度,deep_lstm,92.93209484538843,7.924137609469097,6.330426494879543,0.3237271186353888,0.8127551020408162,0.0559656901649139,16.588162676693866,4.664687423028073,5,拒绝:cov增益=-0.112(<基线std=0.012) 或宽度失控(17>20) 或pinball恶化(-1.4%<-2%) pinball降幅=-1.4%
RegionB|AITraining,task,深度,deep_tcn,93.9641310166206,8.79224097257071,6.337612542003537,0.3259465369133529,0.8168367346938776,0.0485163574780758,16.588162676693866,4.6709350524082165,5,拒绝:cov增益=-0.108(<基线std=0.012) 或宽度失控(17>20) 或pinball恶化(-1.5%<-2%) pinball降幅=-1.5%
RegionB|AITraining,task,基础模型,tabpfn,100.52917659304914,9.173428167090693,6.423745168228166,0.234412701226004,0.8061224489795918,0.0124973966468529,18.71596183776856,4.731040226421794,5,拒绝:cov增益=-0.118(<基线std=0.012) 或宽度失控(19>20) 或pinball恶化(-2.9%<-2%) pinball降幅=-2.9%
RegionC|RealTimeInference,task,统计基线,stat_hist,61.32783479617912,1.591966945406604,45.43961500334147,1.3880602374722435,0.9020408163265304,0.0193103988446689,101.7,25.39775510204081,5,通过:统计基线(门)
RegionC|RealTimeInference,task,树类,lgbm_point,65.1841490664148,3.596031049470364,48.72039954072227,2.105976540045701,0.8336734693877551,0.019038885874536,118.6316779812914,36.12056782149873,5,拒绝:cov增益=-0.068(<基线std=0.019) 或宽度失控(119>117) 或pinball恶化(-42.2%<-2%) pinball降幅=-42.2%
RegionC|RealTimeInference,task,树类,xgboost_point,64.84313365777892,4.460490568830153,50.5645409229749,5.323075538847675,0.805612244897959,0.07553346994026,118.63167798129136,38.077697946927245,5,拒绝:cov增益=-0.096(<基线std=0.019) 或宽度失控(119>117) 或pinball恶化(-49.9%<-2%) pinball降幅=-49.9%
RegionC|RealTimeInference,task,树类,qrf_quantile,61.10300281625446,2.8160512336467898,46.0444732545336,1.439957964957627,0.8979591836734695,0.0253823325792505,102.53877551020408,25.53372448979592,5,拒绝:cov增益=-0.004(<基线std=0.019) 或宽度失控(103>117) 或pinball恶化(-0.5%<-2%) pinball降幅=-0.5%
RegionC|RealTimeInference,task,树类,lgbm_quantile,96.97272849014192,3.00720473041345,50.962794150963234,1.9318395276888127,0.8545918367346939,0.0271776476437021,81.22670208455757,27.10266835425403,5,拒绝:cov增益=-0.047(<基线std=0.019) 或宽度失控(81>117) 或pinball恶化(-6.7%<-2%) pinball降幅=-6.7%
RegionC|RealTimeInference,task,树类,gbm_quantile,100.0,0.0,51.4360418561494,1.9127746598151216,0.8831632653061225,0.0242950376547125,94.8489044739656,25.91278447519151,5,拒绝:cov增益=-0.019(<基线std=0.019) 或宽度失控(95>117) 或pinball恶化(-2.0%<-2%) pinball降幅=-2.0%
RegionC|RealTimeInference,task,深度,deep_lstm,61.53522296444313,1.710545253722458,45.44241005922548,1.4223420984317656,0.8607142857142858,0.0179117241648387,118.86247544324246,34.716509347860764,5,拒绝:cov增益=-0.041(<基线std=0.019) 或宽度失控(119>117) 或pinball恶化(-36.7%<-2%) pinball降幅=-36.7%
RegionC|RealTimeInference,task,深度,deep_tcn,61.44703819648505,2.040557956803955,45.48317905219842,1.3667860109478802,0.8596938775510203,0.0189188736915705,118.86247544324246,34.685060109834865,5,拒绝:cov增益=-0.042(<基线std=0.019) 或宽度失控(119>117) 或pinball恶化(-36.6%<-2%) pinball降幅=-36.6%
RegionC|RealTimeInference,task,基础模型,tabpfn,62.46115938378813,2.9666539382232937,45.597495174378416,1.488851621450738,0.9229591836734692,0.024693561306796,115.6223892211914,26.46653566210398,5,拒绝:cov增益=+0.021(<基线std=0.019) 或宽度失控(116>117) 或pinball恶化(-4.2%<-2%) pinball降幅=-4.2%
RegionC|BatchInference,task,统计基线,stat_hist,53.09434244501249,1.466032194899675,14.947479400668282,0.3629997389788079,0.9132653061224488,0.0097139963084998,36.98,10.535959183673468,5,通过:统计基线(门)
RegionC|BatchInference,task,树类,lgbm_point,62.07990892384901,4.509205722494492,16.02279995300783,0.3901458218266148,0.8127551020408162,0.0186241961718816,38.86433281907144,11.906340166401169,5,拒绝:cov增益=-0.101(<基线std=0.010) 或宽度失控(39>43) 或pinball恶化(-13.0%<-2%) pinball降幅=-13.0%
RegionC|BatchInference,task,树类,xgboost_point,62.26978192208041,5.466595312803472,16.034601011900158,0.7776622410603029,0.8209183673469388,0.0418553965346809,38.86433281907144,11.903751054203791,5,拒绝:cov增益=-0.092(<基线std=0.010) 或宽度失控(39>43) 或pinball恶化(-13.0%<-2%) pinball降幅=-13.0%
RegionC|BatchInference,task,树类,qrf_quantile,54.69268117690437,0.942602753707836,15.10280552259394,0.3955939411430819,0.9142857142857144,0.0150488583711761,36.86785714285715,10.623775510204082,5,拒绝:cov增益=+0.001(<基线std=0.010) 或宽度失控(37>43) 或pinball恶化(-0.8%<-2%) pinball降幅=-0.8%
RegionC|BatchInference,task,树类,lgbm_quantile,57.81125068723759,1.197751920052771,15.878682564785146,0.4885390132731958,0.810204081632653,0.0361489583345272,30.873228700428108,11.113180704034113,5,拒绝:cov增益=-0.103(<基线std=0.010) 或宽度失控(31>43) 或pinball恶化(-5.5%<-2%) pinball降幅=-5.5%
RegionC|BatchInference,task,树类,gbm_quantile,55.15855732122462,0.7466276124616636,15.556247480947356,0.5386578798372674,0.8857142857142856,0.0079451079093864,34.71127081161914,10.762073623867302,5,拒绝:cov增益=-0.028(<基线std=0.010) 或宽度失控(35>43) 或pinball恶化(-2.1%<-2%) pinball降幅=-2.1%
RegionC|BatchInference,task,深度,deep_lstm,53.079121692906725,1.3527696200603303,14.94161445015241,0.3584283994514489,0.8872448979591837,0.0104249065008686,38.92773777378339,11.086667565747174,5,拒绝:cov增益=-0.026(<基线std=0.010) 或宽度失控(39>43) 或pinball恶化(-5.2%<-2%) pinball降幅=-5.2%
RegionC|BatchInference,task,深度,deep_tcn,52.82271085249742,1.3848811950478872,14.943184318935987,0.3720211082162227,0.8836734693877549,0.0052899085085019,38.92773777378339,11.10417264286586,5,拒绝:cov增益=-0.030(<基线std=0.010) 或宽度失控(39>43) 或pinball恶化(-5.4%<-2%) pinball降幅=-5.4%
RegionC|BatchInference,task,基础模型,tabpfn,54.05930381777141,1.8986207858673547,15.00867161549537,0.3430919960677047,0.9132653061224488,0.020487727556389,39.21753692626953,10.715874853992588,5,拒绝:cov增益=+0.000(<基线std=0.010) 或宽度失控(39>43) 或pinball恶化(-1.7%<-2%) pinball降幅=-1.7%
RegionC|AITraining,task,统计基线,stat_hist,77.17562148189896,5.167094747044215,5.9089527853937485,0.2010679175863479,0.9025510204081632,0.0126783404487644,14.8,4.22515306122449,5,通过:统计基线(门)
RegionC|AITraining,task,树类,lgbm_point,80.26932031188889,6.506476149880221,6.193369552605104,0.2515219419163502,0.7964285714285715,0.0161743545756605,14.823902521912125,4.573337524832796,5,拒绝:cov增益=-0.106(<基线std=0.013) 或宽度失控(15>17) 或pinball恶化(-8.2%<-2%) pinball降幅=-8.2%
RegionC|AITraining,task,树类,xgboost_point,81.23772395301562,6.725937345738945,6.229655398265384,0.3458435887741166,0.7928571428571427,0.0395778299439688,14.823902521912125,4.608852605901726,5,拒绝:cov增益=-0.110(<基线std=0.013) 或宽度失控(15>17) 或pinball恶化(-9.1%<-2%) pinball降幅=-9.1%
RegionC|AITraining,task,树类,qrf_quantile,75.77540531006032,5.8507918756288975,5.923822970980441,0.1937837004355018,0.8923469387755102,0.0158697255255059,14.352551020408162,4.226581632653061,5,拒绝:cov增益=-0.010(<基线std=0.013) 或宽度失控(14>17) 或pinball恶化(-0.0%<-2%) pinball降幅=-0.0%
RegionC|AITraining,task,树类,lgbm_quantile,71.72860656508725,6.186594472355228,6.136084622307981,0.2718341437953078,0.6520408163265307,0.0349592194145426,11.74639710997361,4.484576650005731,5,拒绝:cov增益=-0.251(<基线std=0.013) 或宽度失控(12>17) 或pinball恶化(-6.1%<-2%) pinball降幅=-6.1%
RegionC|AITraining,task,树类,gbm_quantile,70.17438921150293,5.629838076182738,6.062115749764996,0.2115091001663297,0.8612244897959183,0.0255484407317434,13.782210183825075,4.303212486003357,5,拒绝:cov增益=-0.041(<基线std=0.013) 或宽度失控(14>17) 或pinball恶化(-1.8%<-2%) pinball降幅=-1.8%
RegionC|AITraining,task,深度,deep_lstm,78.25390615665363,4.082213459802713,5.892956900981736,0.2022274035440407,0.8831632653061223,0.0092683174105025,14.827359130541309,4.2850259263706745,5,拒绝:cov增益=-0.019(<基线std=0.013) 或宽度失控(15>17) 或pinball恶化(-1.4%<-2%) pinball降幅=-1.4%
RegionC|AITraining,task,深度,deep_tcn,76.91132379165597,5.23631051957135,5.9070522759459125,0.2068864579171934,0.8714285714285713,0.0110609609125912,14.827359130541309,4.302354600639936,5,拒绝:cov增益=-0.031(<基线std=0.013) 或宽度失控(15>17) 或pinball恶化(-1.8%<-2%) pinball降幅=-1.8%
RegionC|AITraining,task,基础模型,tabpfn,77.70137818365579,4.355153970555191,5.890303174277013,0.1961704434948561,0.763265306122449,0.0387469685503919,15.666809272766113,4.2578862658155625,5,拒绝:cov增益=-0.139(<基线std=0.013) 或宽度失控(16>17) 或pinball恶化(-0.8%<-2%) pinball降幅=-0.8%
RegionD|RealTimeInference,task,统计基线,stat_hist,85.47301163257309,3.454241228492902,124.77666931511207,3.3591593230616823,0.8714285714285713,0.0495515604482557,330.12,91.84419387755102,5,通过:统计基线(门)
RegionD|RealTimeInference,task,树类,lgbm_point,93.99446375736504,14.439705443758186,135.84623664853683,6.57689505243435,0.7693877551020408,0.0313785880034386,321.12675129157907,101.60862165651685,5,拒绝:cov增益=-0.102(<基线std=0.050) 或宽度失控(321>380) 或pinball恶化(-10.6%<-2%) pinball降幅=-10.6%
RegionD|RealTimeInference,task,树类,xgboost_point,92.74406107984038,14.96917639751469,134.38789763945832,6.614886160073618,0.7744897959183673,0.0209276982673404,321.1267512915791,100.19599530660012,5,拒绝:cov增益=-0.097(<基线std=0.050) 或宽度失控(321>380) 或pinball恶化(-9.1%<-2%) pinball降幅=-9.1%
RegionD|RealTimeInference,task,树类,qrf_quantile,87.45234612257093,7.253798177531014,126.46016339911284,3.549416613854866,0.8489795918367348,0.0404720814812536,325.69438775510207,92.43576530612243,5,拒绝:cov增益=-0.022(<基线std=0.050) 或宽度失控(326>380) 或pinball恶化(-0.6%<-2%) pinball降幅=-0.6%
RegionD|RealTimeInference,task,树类,lgbm_quantile,82.1604831365483,9.143420100894849,131.17824079971626,3.978119562724862,0.6729591836734693,0.0532485410319615,262.7398232887857,97.94023946785067,5,拒绝:cov增益=-0.198(<基线std=0.050) 或宽度失控(263>380) 或pinball恶化(-6.6%<-2%) pinball降幅=-6.6%
RegionD|RealTimeInference,task,树类,gbm_quantile,78.74436366655607,6.943356723568352,130.06458937777364,4.414598850967295,0.7979591836734693,0.0782003229146573,311.5121613767489,95.01511653611136,5,拒绝:cov增益=-0.073(<基线std=0.050) 或宽度失控(312>380) 或pinball恶化(-3.5%<-2%) pinball降幅=-3.5%
RegionD|RealTimeInference,task,深度,deep_lstm,86.76240946770291,2.6781076790989577,124.65860042984517,3.297832074892533,0.7959183673469388,0.0211903669972399,323.7021730219391,92.48008172552191,5,拒绝:cov增益=-0.076(<基线std=0.050) 或宽度失控(324>380) 或pinball恶化(-0.7%<-2%) pinball降幅=-0.7%
RegionD|RealTimeInference,task,深度,deep_tcn,84.63171752397928,1.9227158224424064,124.78410519926608,3.3034997028395,0.8163265306122447,0.0238626108850379,323.7021730219391,92.34299875102292,5,拒绝:cov增益=-0.055(<基线std=0.050) 或宽度失控(324>380) 或pinball恶化(-0.5%<-2%) pinball降幅=-0.5%
RegionD|RealTimeInference,task,基础模型,tabpfn,90.4813565461096,7.024034418215725,126.05970153533796,2.8228740180899314,0.8091836734693878,0.023058176609136,354.5560424804688,93.46671183819674,5,拒绝:cov增益=-0.062(<基线std=0.050) 或宽度失控(355>380) 或pinball恶化(-1.8%<-2%) pinball降幅=-1.8%
RegionD|BatchInference,task,统计基线,stat_hist,61.85226495923392,3.3090468023429085,17.13762566783948,0.4141764361669652,0.9081632653061223,0.00598267316304,43.2,12.216683673469388,5,通过:统计基线(门)
RegionD|BatchInference,task,树类,lgbm_point,73.39493981265773,8.837607212895751,18.57377435421788,0.6417318921199576,0.8,0.0254207615680676,45.715406995466026,13.845519594663283,5,拒绝:cov增益=-0.108(<基线std=0.006) 或宽度失控(46>50) 或pinball恶化(-13.3%<-2%) pinball降幅=-13.3%
RegionD|BatchInference,task,树类,xgboost_point,72.57270191681296,9.056822449304578,18.526092167483803,1.2349411141317472,0.8127551020408162,0.029286780895033,45.71540699546602,13.753375496209667,5,拒绝:cov增益=-0.095(<基线std=0.006) 或宽度失控(46>50) 或pinball恶化(-12.6%<-2%) pinball降幅=-12.6%
RegionD|BatchInference,task,树类,qrf_quantile,64.28000835379456,3.9383332948619527,17.394742975043673,0.4118210709460587,0.9081632653061223,0.0130077028407979,43.282653061224494,12.326989795918369,5,拒绝:cov增益=+0.000(<基线std=0.006) 或宽度失控(43>50) 或pinball恶化(-0.9%<-2%) pinball降幅=-0.9%
RegionD|BatchInference,task,树类,lgbm_quantile,62.84964438236744,3.660338113454536,17.855183196545614,0.5175060214178265,0.7857142857142857,0.0941288506504851,38.69780490179648,12.890400058509629,5,拒绝:cov增益=-0.122(<基线std=0.006) 或宽度失控(39>50) 或pinball恶化(-5.5%<-2%) pinball降幅=-5.5%
RegionD|BatchInference,task,树类,gbm_quantile,61.70529762540568,3.663879558134804,17.60719920997302,0.4536570853432854,0.8959183673469389,0.0195448788871203,42.688352329382845,12.560213833151838,5,拒绝:cov增益=-0.012(<基线std=0.006) 或宽度失控(43>50) 或pinball恶化(-2.8%<-2%) pinball降幅=-2.8%
RegionD|BatchInference,task,深度,deep_lstm,61.7719872392678,3.955868138651033,17.133194599430045,0.4180879591861181,0.8954081632653061,0.0114085100892846,45.70540051663289,12.662328240716445,5,拒绝:cov增益=-0.013(<基线std=0.006) 或宽度失控(46>50) 或pinball恶化(-3.6%<-2%) pinball降幅=-3.6%
RegionD|BatchInference,task,深度,deep_tcn,60.860319935725,2.47957728075488,17.163721411250584,0.3784025904409175,0.8923469387755102,0.0089103312227412,45.70540051663288,12.702321490754104,5,拒绝:cov增益=-0.016(<基线std=0.006) 或宽度失控(46>50) 或pinball恶化(-4.0%<-2%) pinball降幅=-4.0%
RegionD|BatchInference,task,基础模型,tabpfn,63.63947354309994,4.312217542630041,17.230579044755636,0.4214919327533079,0.7540816326530613,0.0723024171463017,47.72085189819336,12.449618884055136,5,拒绝:cov增益=-0.154(<基线std=0.006) 或宽度失控(48>50) 或pinball恶化(-1.9%<-2%) pinball降幅=-1.9%
RegionD|AITraining,task,统计基线,stat_hist,70.03674288899583,3.652756278309784,2.0209781613332884,0.1085585966669039,0.9051020408163266,0.0176186700508489,4.0,1.0334183673469388,5,通过:统计基线(门)
RegionD|AITraining,task,树类,lgbm_point,72.80982992417891,4.573417848723167,2.1850228627954875,0.0450931018259637,0.8540816326530611,0.0229166272259956,5.191445130370395,1.5769877089596809,5,拒绝:cov增益=-0.051(<基线std=0.018) 或宽度失控(5>5) 或pinball恶化(-52.6%<-2%) pinball降幅=-52.6%
RegionD|AITraining,task,树类,xgboost_point,73.5834407927517,4.850991553166715,2.286959135320189,0.1215905450687417,0.8188775510204082,0.0505398284595891,5.191445130370395,1.6662992161368646,5,拒绝:cov增益=-0.086(<基线std=0.018) 或宽度失控(5>5) 或pinball恶化(-61.2%<-2%) pinball降幅=-61.2%
RegionD|AITraining,task,树类,qrf_quantile,68.63419417601355,4.868271930800264,2.0466525160799134,0.090845168821268,0.920408163265306,0.027793247346867,4.281632653061225,1.0478061224489796,5,拒绝:cov增益=+0.015(<基线std=0.018) 或宽度失控(4>5) 或pinball恶化(-1.4%<-2%) pinball降幅=-1.4%
RegionD|AITraining,task,树类,lgbm_quantile,99.1922853789713,1.241348209263767,2.1742780914390574,0.1339380257756103,0.8647959183673469,0.0256374378089818,2.99701940043885,1.0747532574587966,5,拒绝:cov增益=-0.040(<基线std=0.018) 或宽度失控(3>5) 或pinball恶化(-4.0%<-2%) pinball降幅=-4.0%
RegionD|AITraining,task,树类,gbm_quantile,100.0,0.0,2.1773110757185594,0.136604925109091,0.8903061224489797,0.027416052627812,3.81359334684097,1.0617183652084636,5,拒绝:cov增益=-0.015(<基线std=0.018) 或宽度失控(4>5) 或pinball恶化(-2.7%<-2%) pinball降幅=-2.7%
RegionD|AITraining,task,深度,deep_lstm,70.17934491156868,3.961342395292155,2.017467144634891,0.1099898146946324,0.8857142857142858,0.0219001796238109,5.224581464414988,1.4772568370809225,5,拒绝:cov增益=-0.019(<基线std=0.018) 或宽度失控(5>5) 或pinball恶化(-42.9%<-2%) pinball降幅=-42.9%
RegionD|AITraining,task,深度,deep_tcn,71.44783648569788,4.302240248207769,2.0190648698980804,0.1110359717991439,0.8852040816326531,0.0214952800336131,5.224581464414988,1.4705898346496853,5,拒绝:cov增益=-0.020(<基线std=0.018) 或宽度失控(5>5) 或pinball恶化(-42.3%<-2%) pinball降幅=-42.3%
RegionD|AITraining,task,基础模型,tabpfn,70.70249356651902,4.681638868311099,2.045723182585049,0.0862849531347728,0.9132653061224488,0.0277111747224495,4.913568592071533,1.0920338900876707,5,拒绝:cov增益=+0.008(<基线std=0.018) 或宽度失控(5>5) 或pinball恶化(-5.7%<-2%) pinball降幅=-5.7%
RegionE|RealTimeInference,task,统计基线,stat_hist,72.14797268908747,3.4511969221487604,101.04149955695812,6.180203209112494,0.8877551020408164,0.0231004722911668,251.02000000000004,72.97822448979592,5,通过:统计基线(门)
RegionE|RealTimeInference,task,树类,lgbm_point,77.03830898564993,5.49453828814561,107.96168045021317,4.178384245024329,0.778061224489796,0.0124973966468529,251.8455757774948,80.55138643876893,5,拒绝:cov增益=-0.110(<基线std=0.023) 或宽度失控(252>289) 或pinball恶化(-10.4%<-2%) pinball降幅=-10.4%
RegionE|RealTimeInference,task,树类,xgboost_point,77.95641482387295,4.280394333723598,108.00537491468928,4.572611813186399,0.7760204081632653,0.0162746305180985,251.8455757774947,80.72616288857216,5,拒绝:cov增益=-0.112(<基线std=0.023) 或宽度失控(252>289) 或pinball恶化(-10.6%<-2%) pinball降幅=-10.6%
RegionE|RealTimeInference,task,树类,qrf_quantile,72.04689637633207,2.6129519759154785,101.59539064171685,6.055576435452427,0.8887755102040817,0.0263015028954735,253.52295918367344,73.14158163265306,5,拒绝:cov增益=+0.001(<基线std=0.023) 或宽度失控(254>289) 或pinball恶化(-0.2%<-2%) pinball降幅=-0.2%
RegionE|RealTimeInference,task,树类,lgbm_quantile,67.78784375206803,3.5853999886483376,105.46433304874508,6.438188067512663,0.7127551020408163,0.0590769181439989,211.26196327081203,77.31162882113628,5,拒绝:cov增益=-0.175(<基线std=0.023) 或宽度失控(211>289) 或pinball恶化(-5.9%<-2%) pinball降幅=-5.9%
RegionE|RealTimeInference,task,树类,gbm_quantile,66.6736643238643,2.729286856768561,104.46267499814314,7.624870797564889,0.838265306122449,0.0600059434096445,235.9416101520378,75.00803946272342,5,拒绝:cov增益=-0.049(<基线std=0.023) 或宽度失控(236>289) 或pinball恶化(-2.8%<-2%) pinball降幅=-2.8%
RegionE|RealTimeInference,task,深度,deep_lstm,72.35994021071909,4.453763241988945,100.96573833121435,6.151395379938797,0.8775510204081634,0.016630618380619,251.95843423826537,74.01327725392755,5,拒绝:cov增益=-0.010(<基线std=0.023) 或宽度失控(252>289) 或pinball恶化(-1.4%<-2%) pinball降幅=-1.4%
RegionE|RealTimeInference,task,深度,deep_tcn,72.31636688420141,3.5763861643613093,101.01455195912912,6.254079379733279,0.8566326530612246,0.0257892897063267,251.95843423826537,74.11200742552046,5,拒绝:cov增益=-0.031(<基线std=0.023) 或宽度失控(252>289) 或pinball恶化(-1.6%<-2%) pinball降幅=-1.6%
RegionE|RealTimeInference,task,基础模型,tabpfn,74.99445069545965,2.946254604352713,101.3309294878681,5.580750728058503,0.7484693877551021,0.0219891448362346,276.4543762207031,74.15777934492168,5,拒绝:cov增益=-0.139(<基线std=0.023) 或宽度失控(276>289) 或pinball恶化(-1.6%<-2%) pinball降幅=-1.6%
RegionE|BatchInference,task,统计基线,stat_hist,51.45194959874291,2.5578735623115567,13.766325495422086,0.7177140362469194,0.90765306122449,0.0105798170170039,32.4,9.701989795918369,5,通过:统计基线(门)
RegionE|BatchInference,task,树类,lgbm_point,59.62854470733919,3.086436483015234,14.45072028765652,0.6242997849595757,0.8061224489795918,0.0266944509393576,34.34770523760766,10.749585920237893,5,拒绝:cov增益=-0.102(<基线std=0.011) 或宽度失控(34>37) 或pinball恶化(-10.8%<-2%) pinball降幅=-10.8%
RegionE|BatchInference,task,树类,xgboost_point,57.28068889485591,5.244049548731601,14.32746760616736,0.7593723811173023,0.823469387755102,0.0286578503469053,34.34770523760766,10.667913118605876,5,拒绝:cov增益=-0.084(<基线std=0.011) 或宽度失控(34>37) 或pinball恶化(-10.0%<-2%) pinball降幅=-10.0%
RegionE|BatchInference,task,树类,qrf_quantile,52.92178504034263,3.6448905205273263,13.84070166279682,0.773445579415239,0.9035714285714288,0.0192935412257031,32.045918367346935,9.699489795918367,5,拒绝:cov增益=-0.004(<基线std=0.011) 或宽度失控(32>37) 或pinball恶化(0.0%<-2%) pinball降幅=0.0%
RegionE|BatchInference,task,树类,lgbm_quantile,57.57567563853512,2.6303441294732486,14.387011786169769,0.9590430742725048,0.8295918367346939,0.0485498794591899,26.82561938598398,10.076735637611606,5,拒绝:cov增益=-0.078(<基线std=0.011) 或宽度失控(27>37) 或pinball恶化(-3.9%<-2%) pinball降幅=-3.9%
RegionE|BatchInference,task,树类,gbm_quantile,55.92367310853727,2.235821690661615,14.232142455600634,1.042730616791964,0.8770408163265305,0.0241607356990848,29.423006229093414,9.828033624993529,5,拒绝:cov增益=-0.031(<基线std=0.011) 或宽度失控(29>37) 或pinball恶化(-1.3%<-2%) pinball降幅=-1.3%
RegionE|BatchInference,task,深度,deep_lstm,51.43408943758344,2.427851330193912,13.769568222135728,0.7184920517457034,0.8801020408163265,0.0133776638797213,34.34468335172379,10.331325292518825,5,拒绝:cov增益=-0.028(<基线std=0.011) 或宽度失控(34>37) 或pinball恶化(-6.5%<-2%) pinball降幅=-6.5%
RegionE|BatchInference,task,深度,deep_tcn,51.88716980137944,2.5555186673876658,13.788499589049737,0.723177832431692,0.8775510204081632,0.0145430538915706,34.34468335172379,10.357347800514813,5,拒绝:cov增益=-0.030(<基线std=0.011) 或宽度失控(34>37) 或pinball恶化(-6.8%<-2%) pinball降幅=-6.8%
RegionE|BatchInference,task,基础模型,tabpfn,52.347984660426825,3.325834471204768,13.805655635886286,0.7413786570391642,0.9086734693877552,0.0235468995086006,34.002201080322266,9.814519132370396,5,拒绝:cov增益=+0.001(<基线std=0.011) 或宽度失控(34>37) 或pinball恶化(-1.2%<-2%) pinball降幅=-1.2%
RegionE|AITraining,task,统计基线,stat_hist,68.75912354230024,1.9244353271804264,2.3699715645951165,0.0821872974489145,0.9096938775510204,0.0110609609125912,5.0,1.2716836734693877,5,通过:统计基线(门)
RegionE|AITraining,task,树类,lgbm_point,74.348685952639,5.893703663746765,2.4808392278999074,0.0921799518366175,0.8443877551020409,0.0235883188889119,5.802332829964716,1.7950976209562204,5,拒绝:cov增益=-0.065(<基线std=0.011) 或宽度失控(6>6) 或pinball恶化(-41.2%<-2%) pinball降幅=-41.2%
RegionE|AITraining,task,树类,xgboost_point,72.65871412323686,6.34683356052717,2.47997521372841,0.0925489117650313,0.838265306122449,0.0168830531711982,5.802332829964716,1.7996236820959648,5,拒绝:cov增益=-0.071(<基线std=0.011) 或宽度失控(6>6) 或pinball恶化(-41.5%<-2%) pinball降幅=-41.5%
RegionE|AITraining,task,树类,qrf_quantile,70.35693825911721,4.594267748538844,2.383327707107348,0.0806872844727172,0.8964285714285714,0.0287258944086923,4.699489795918367,1.293673469387755,5,拒绝:cov增益=-0.013(<基线std=0.011) 或宽度失控(5>6) 或pinball恶化(-1.7%<-2%) pinball降幅=-1.7%
RegionE|AITraining,task,树类,lgbm_quantile,99.12521011460696,1.234338105387133,2.617115535535634,0.088923837392301,0.8198979591836734,0.0534680732818642,3.2011358827734595,1.3739780238102717,5,拒绝:cov增益=-0.090(<基线std=0.011) 或宽度失控(3>6) 或pinball恶化(-8.0%<-2%) pinball降幅=-8.0%
RegionE|AITraining,task,树类,gbm_quantile,100.0,0.0,2.62199084665598,0.0955697205912862,0.851530612244898,0.0463907111837231,3.9527798177367095,1.3327856779823353,5,拒绝:cov增益=-0.058(<基线std=0.011) 或宽度失控(4>6) 或pinball恶化(-4.8%<-2%) pinball降幅=-4.8%
RegionE|AITraining,task,深度,deep_lstm,68.14900354417993,1.481757786586068,2.3677170782130936,0.0841770343949226,0.863265306122449,0.0188844444115527,5.823905563838144,1.771007690975892,5,拒绝:cov增益=-0.046(<基线std=0.011) 或宽度失控(6>6) 或pinball恶化(-39.3%<-2%) pinball降幅=-39.3%
RegionE|AITraining,task,深度,deep_tcn,68.61091295011721,1.996989527511554,2.3641200897016543,0.0884928153079001,0.8566326530612246,0.019293541225703,5.823905563838144,1.7639595062424394,5,拒绝:cov增益=-0.053(<基线std=0.011) 或宽度失控(6>6) 或pinball恶化(-38.7%<-2%) pinball降幅=-38.7%
RegionE|AITraining,task,基础模型,tabpfn,70.8224725525072,2.3338692191781294,2.3749683460279174,0.0846828199871955,0.9035714285714284,0.0192935412257031,5.472009944915771,1.3063140009349206,5,拒绝:cov增益=-0.006(<基线std=0.011) 或宽度失控(5>6) 或pinball恶化(-2.7%<-2%) pinball降幅=-2.7%
RegionF|RealTimeInference,task,统计基线,stat_hist,75.60025216514393,8.338364311690578,102.14504689664486,4.7157936188023,0.9035714285714288,0.0134262218030007,269.5200000000001,73.53189795918368,5,通过:统计基线(门)
RegionF|RealTimeInference,task,树类,lgbm_point,85.75496861334064,11.395266012873986,110.18749456461084,3.666622809952503,0.7826530612244897,0.020834201009281,268.7558568231376,82.1741282746142,5,拒绝:cov增益=-0.121(<基线std=0.013) 或宽度失控(269>310) 或pinball恶化(-11.8%<-2%) pinball降幅=-11.8%
RegionF|RealTimeInference,task,树类,xgboost_point,86.22457556018935,15.4685925325782,110.21235739709137,5.120252850969075,0.789795918367347,0.0302164033057878,268.7558568231376,82.32060942708296,5,拒绝:cov增益=-0.114(<基线std=0.013) 或宽度失控(269>310) 或pinball恶化(-12.0%<-2%) pinball降幅=-12.0%
RegionF|RealTimeInference,task,树类,qrf_quantile,79.10564026515053,10.377205075923971,103.61749596766596,4.052663009112185,0.9112244897959184,0.0198750522252882,273.2698979591837,74.02698979591837,5,拒绝:cov增益=+0.008(<基线std=0.013) 或宽度失控(273>310) 或pinball恶化(-0.7%<-2%) pinball降幅=-0.7%
RegionF|RealTimeInference,task,树类,lgbm_quantile,71.16678331794893,7.964409621188136,106.81128236773908,3.778009684012546,0.6632653061224489,0.0281769413703756,221.81010028782825,79.03217193304604,5,拒绝:cov增益=-0.240(<基线std=0.013) 或宽度失控(222>310) 或pinball恶化(-7.5%<-2%) pinball降幅=-7.5%
RegionF|RealTimeInference,task,树类,gbm_quantile,69.00244862800717,8.590727329512566,105.01397599343969,4.285807746006354,0.8806122448979592,0.0146988370315182,260.77764705007195,75.04310377151317,5,拒绝:cov增益=-0.023(<基线std=0.013) 或宽度失控(261>310) 或pinball恶化(-2.1%<-2%) pinball降幅=-2.1%
RegionF|RealTimeInference,task,深度,deep_lstm,74.3844967738873,8.27391598443771,102.07308330674483,4.7147969821956766,0.8852040816326531,0.0177658013739593,268.38732792189296,75.45141503785561,5,拒绝:cov增益=-0.018(<基线std=0.013) 或宽度失控(268>310) 或pinball恶化(-2.6%<-2%) pinball降幅=-2.6%
RegionF|RealTimeInference,task,深度,deep_tcn,74.94459036861717,8.537957861328882,102.0691846728441,4.644978302498526,0.8785714285714287,0.0232828657328666,268.38732792189296,75.46915947246502,5,拒绝:cov增益=-0.025(<基线std=0.013) 或宽度失控(268>310) 或pinball恶化(-2.6%<-2%) pinball降幅=-2.6%
RegionF|RealTimeInference,task,基础模型,tabpfn,78.97001184316001,9.667389839619274,102.7648557994377,4.104836660046487,0.7566326530612245,0.0349592194145426,285.6798156738281,75.1800710515465,5,拒绝:cov增益=-0.147(<基线std=0.013) 或宽度失控(286>310) 或pinball恶化(-2.2%<-2%) pinball降幅=-2.2%
RegionF|BatchInference,task,统计基线,stat_hist,50.94610041746222,1.3853828519502405,13.42197945379104,0.5825815509036313,0.898469387755102,0.0205986012634554,29.4,9.338214285714283,5,通过:统计基线(门)
RegionF|BatchInference,task,树类,lgbm_point,60.80995148233698,5.314799338121679,14.45578631046864,0.675076902984405,0.8122448979591838,0.0329960462336837,33.662440519994405,10.702104828545004,5,拒绝:cov增益=-0.086(<基线std=0.021) 或宽度失控(34>34) 或pinball恶化(-14.6%<-2%) pinball降幅=-14.6%
RegionF|BatchInference,task,树类,xgboost_point,58.1704634804202,4.066077180950804,14.385841210581082,0.7848322397402824,0.8193877551020409,0.0466704285883799,33.662440519994405,10.675727712513254,5,拒绝:cov增益=-0.079(<基线std=0.021) 或宽度失控(34>34) 或pinball恶化(-14.3%<-2%) pinball降幅=-14.3%
RegionF|BatchInference,task,树类,qrf_quantile,52.16905091967696,1.937748110232744,13.530759645713417,0.6342151931052817,0.8933673469387756,0.0236846824253779,28.91530612244897,9.436683673469387,5,拒绝:cov增益=-0.005(<基线std=0.021) 或宽度失控(29>34) 或pinball恶化(-1.1%<-2%) pinball降幅=-1.1%
RegionF|BatchInference,task,树类,lgbm_quantile,61.81117216299301,3.2051301880586847,14.521121458639277,0.949370269808804,0.8290816326530612,0.0317599479540528,24.41674972128861,9.826487583254249,5,拒绝:cov增益=-0.069(<基线std=0.021) 或宽度失控(24>34) 或pinball恶化(-5.2%<-2%) pinball降幅=-5.2%
RegionF|BatchInference,task,树类,gbm_quantile,59.89983363949212,2.2036514329152643,14.405130751877763,0.920576233513294,0.851530612244898,0.0273804242142831,26.124682493698867,9.62323928907461,5,拒绝:cov增益=-0.047(<基线std=0.021) 或宽度失控(26>34) 或pinball恶化(-3.1%<-2%) pinball降幅=-3.1%
RegionF|BatchInference,task,深度,deep_lstm,50.978799980275845,1.5134336301689408,13.398985321426958,0.5823698905637217,0.883673469387755,0.0120466519929771,33.734763866323966,10.047072186179872,5,拒绝:cov增益=-0.015(<基线std=0.021) 或宽度失控(34>34) 或pinball恶化(-7.6%<-2%) pinball降幅=-7.6%
RegionF|BatchInference,task,深度,deep_tcn,51.12282359512318,1.572881396740471,13.412878276902626,0.607034582699619,0.8821428571428571,0.0135468551503589,33.734763866323966,10.059674474241584,5,拒绝:cov增益=-0.016(<基线std=0.021) 或宽度失控(34>34) 或pinball恶化(-7.7%<-2%) pinball降幅=-7.7%
RegionF|BatchInference,task,基础模型,tabpfn,51.97682263421402,2.772378269093368,13.559568344734275,0.6258267812044077,0.8933673469387754,0.0209897983986981,30.602760314941406,9.65118133859291,5,拒绝:cov增益=-0.005(<基线std=0.021) 或宽度失控(31>34) 或pinball恶化(-3.4%<-2%) pinball降幅=-3.4%
RegionF|AITraining,task,统计基线,stat_hist,68.3339180744122,5.368371613288435,1.9945564668727644,0.072828122139784,0.926530612244898,0.0176186700508489,4.4,1.014234693877551,5,通过:统计基线(门)
RegionF|AITraining,task,树类,lgbm_point,70.80715930200766,4.930459607628911,2.1855772530138617,0.1110435297155613,0.8729591836734694,0.0239578711874977,5.42468740125514,1.5828338229883492,5,拒绝:cov增益=-0.054(<基线std=0.018) 或宽度失控(5>5) 或pinball恶化(-56.1%<-2%) pinball降幅=-56.1%
RegionF|AITraining,task,树类,xgboost_point,69.47946517245143,2.4316811536884866,2.174071076006193,0.1196913754693197,0.8683673469387756,0.0239714488996602,5.42468740125514,1.5859117429481742,5,拒绝:cov增益=-0.058(<基线std=0.018) 或宽度失控(5>5) 或pinball恶化(-56.4%<-2%) pinball降幅=-56.4%
RegionF|AITraining,task,树类,qrf_quantile,68.59691674293822,2.589592435810813,2.021469812332483,0.0870820025050126,0.9275510204081632,0.013808539390535,4.456632653061225,1.021938775510204,5,拒绝:cov增益=+0.001(<基线std=0.018) 或宽度失控(4>5) 或pinball恶化(-0.8%<-2%) pinball降幅=-0.8%
RegionF|AITraining,task,树类,lgbm_quantile,99.781309103172,0.3904896937460059,2.1422265439550343,0.0929301103205341,0.8908163265306122,0.0146988370315183,3.4282501386150352,1.0415351511227229,5,拒绝:cov增益=-0.036(<基线std=0.018) 或宽度失控(3>5) 或pinball恶化(-2.7%<-2%) pinball降幅=-2.7%
RegionF|AITraining,task,树类,gbm_quantile,100.0,0.0,2.135657343562776,0.0851795572619016,0.9040816326530612,0.0128314044285298,3.980915118132762,1.0177356984414554,5,拒绝:cov增益=-0.022(<基线std=0.018) 或宽度失控(4>5) 或pinball恶化(-0.3%<-2%) pinball降幅=-0.3%
RegionF|AITraining,task,深度,deep_lstm,69.3090309006362,6.221969674630729,1.9920535024234745,0.0732970530070565,0.8933673469387754,0.0099457085151112,5.420303095915533,1.4806082197143258,5,拒绝:cov增益=-0.033(<基线std=0.018) 或宽度失控(5>5) 或pinball恶化(-46.0%<-2%) pinball降幅=-46.0%
RegionF|AITraining,task,深度,deep_tcn,69.08519444759084,5.716413272500697,1.9913515421911885,0.0722834232507729,0.8928571428571429,0.0090192191477876,5.420303095915533,1.4791727456770742,5,拒绝:cov增益=-0.034(<基线std=0.018) 或宽度失控(5>5) 或pinball恶化(-45.8%<-2%) pinball降幅=-45.8%
RegionF|AITraining,task,基础模型,tabpfn,70.72764697773675,5.571318327045671,1.9986475932164496,0.0761852107721007,0.9209183673469388,0.024335183709616,4.718731355667114,1.0666318107877633,5,拒绝:cov增益=-0.006(<基线std=0.018) 或宽度失控(5>5) 或pinball恶化(-5.2%<-2%) pinball降幅=-5.2%
energy|RegionA|renewable,energy,统计基线,stat_hist,5.938656534198713e-16,8.980924448009735e-16,1.3905555537475492e-14,1.908244171227749e-14,1.0,0.0,0.0,0.0,5,通过:统计基线(门)
energy|RegionA|renewable,energy,树类,lgbm_point,0.1807436178832824,0.0532766416248603,4.6131613805973695,1.8898521571217564,1.0,0.0,543.0669201700297,54.985687099790354,5,拒绝:MAPE降幅=-18074361788.3%(<5%)
energy|RegionA|renewable,energy,树类,xgboost_point,0.0468888784698581,0.0277838718351444,1.3497581212861998,0.9004968880782034,1.0,0.0,543.0669201700298,54.46525393592337,5,拒绝:MAPE降幅=-4688887847.0%(<5%)
energy|RegionA|renewable,energy,树类,qrf_quantile,0.6323060348319552,0.6306689588508028,6.468460795822456,5.399008734652051,1.0,0.0,36.14561734693878,3.705811734693878,5,拒绝:MAPE降幅=-63230603483.2%(<5%)
energy|RegionA|renewable,energy,树类,lgbm_quantile,0.1185459272759196,0.0480043253313012,2.5894537109800493,0.6087316013402261,0.7275510204081632,0.1295431171476632,293.8990836597589,30.608621718995312,5,拒绝:MAPE降幅=-11854592727.6%(<5%)
energy|RegionA|renewable,energy,树类,gbm_quantile,0.2177312169667043,0.0103479444866938,3.537324937649258,0.2189284854949753,0.7790816326530612,0.0586068832463252,349.88381641363463,35.79315115574035,5,拒绝:MAPE降幅=-21773121696.7%(<5%)
energy|RegionA|renewable,energy,深度,deep_lstm,0.2241972827202212,0.2500296485967064,1.949808581417114,2.185568726748456,1.0,0.0,543.0332110565186,55.13663761938072,5,拒绝:MAPE降幅=-22419728272.0%(<5%)
energy|RegionA|renewable,energy,深度,deep_tcn,0.2846333650981997,0.3274362721006531,2.72051675292005,3.088604810731714,1.0,0.0,543.0332110565186,55.35989763780013,5,拒绝:MAPE降幅=-28463336509.8%(<5%)
energy|RegionA|renewable,energy,基础模型,tabpfn,0.1564366648745059,0.0140487409621341,1.3889453904636322,0.0945389524354863,1.0,0.0,21.83411521911621,3.2952830293616486,5,拒绝:MAPE降幅=-15643666487.5%(<5%)
energy|RegionB|renewable,energy,统计基线,stat_hist,5.938656534198713e-16,8.980924448009735e-16,1.3905555537475492e-14,1.908244171227749e-14,1.0,0.0,0.0,0.0,5,通过:统计基线(门)
energy|RegionB|renewable,energy,树类,lgbm_point,0.1807436178832824,0.0532766416248603,4.6131613805973695,1.8898521571217564,1.0,0.0,543.0669201700297,54.985687099790354,5,拒绝:MAPE降幅=-18074361788.3%(<5%)
energy|RegionB|renewable,energy,树类,xgboost_point,0.0468888784698581,0.0277838718351444,1.3497581212861998,0.9004968880782034,1.0,0.0,543.0669201700298,54.46525393592337,5,拒绝:MAPE降幅=-4688887847.0%(<5%)
energy|RegionB|renewable,energy,树类,qrf_quantile,0.6124144332162695,0.6261934925928272,6.142572908026478,5.478511375065395,1.0,0.0,36.151,3.7011357142857135,5,拒绝:MAPE降幅=-61241443321.6%(<5%)
energy|RegionB|renewable,energy,树类,lgbm_quantile,0.1185459272759196,0.0480043253313012,2.5894537109800493,0.6087316013402261,0.7275510204081632,0.1295431171476632,293.8990836597589,30.608621718995312,5,拒绝:MAPE降幅=-11854592727.6%(<5%)
energy|RegionB|renewable,energy,树类,gbm_quantile,0.2076133693883053,0.0363920718774177,3.218187712178393,0.5516624127575589,0.7923469387755102,0.0500416319805682,341.60983129605563,34.92810108889593,5,拒绝:MAPE降幅=-20761336938.8%(<5%)
energy|RegionB|renewable,energy,深度,deep_lstm,0.2284045061420911,0.2780624639812984,1.9190013418827072,2.198795624859996,1.0,0.0,543.0332110565186,55.14873510345304,5,拒绝:MAPE降幅=-22840450614.2%(<5%)
energy|RegionB|renewable,energy,深度,deep_tcn,0.2933022779077751,0.2692379440274748,2.9177437188408613,2.7210023388452425,1.0,0.0,543.0332110565186,55.38575780763552,5,拒绝:MAPE降幅=-29330227790.8%(<5%)
energy|RegionB|renewable,energy,基础模型,tabpfn,0.1564366648745059,0.0140487409621341,1.3889453904636322,0.0945389524354863,1.0,0.0,21.83411521911621,3.2952830293616486,5,拒绝:MAPE降幅=-15643666487.5%(<5%)
energy|RegionC|renewable,energy,统计基线,stat_hist,5.938656534198713e-16,8.980924448009735e-16,1.3905555537475492e-14,1.908244171227749e-14,1.0,0.0,0.0,0.0,5,通过:统计基线(门)
energy|RegionC|renewable,energy,树类,lgbm_point,0.1807436178832824,0.0532766416248603,4.6131613805973695,1.8898521571217564,1.0,0.0,543.0669201700297,54.985687099790354,5,拒绝:MAPE降幅=-18074361788.3%(<5%)
energy|RegionC|renewable,energy,树类,xgboost_point,0.0468888784698581,0.0277838718351444,1.3497581212861998,0.9004968880782034,1.0,0.0,543.0669201700298,54.46525393592337,5,拒绝:MAPE降幅=-4688887847.0%(<5%)
energy|RegionC|renewable,energy,树类,qrf_quantile,0.6472991626670764,0.6872112150081783,6.434860641917562,5.79095801776742,1.0,0.0,37.22004591836735,3.80804030612245,5,拒绝:MAPE降幅=-64729916266.7%(<5%)
energy|RegionC|renewable,energy,树类,lgbm_quantile,0.1185459272759196,0.0480043253313012,2.5894537109800493,0.6087316013402261,0.7275510204081632,0.1295431171476632,293.8990836597589,30.608621718995312,5,拒绝:MAPE降幅=-11854592727.6%(<5%)
energy|RegionC|renewable,energy,树类,gbm_quantile,0.2172756642112128,0.0152722107848205,3.440276729823109,0.228556018953317,0.7872448979591837,0.0515154554391644,343.5298475389262,35.13355309153983,5,拒绝:MAPE降幅=-21727566421.1%(<5%)
energy|RegionC|renewable,energy,深度,deep_lstm,0.1684090960606614,0.1603164355398949,1.4473475461418772,1.439167468877796,1.0,0.0,543.0332110565186,54.8947100216198,5,拒绝:MAPE降幅=-16840909606.1%(<5%)
energy|RegionC|renewable,energy,深度,deep_tcn,0.1689849456239479,0.1503110133007226,1.7641656786577928,1.5195572735066163,1.0,0.0,543.0332110565186,54.93850083204215,5,拒绝:MAPE降幅=-16898494562.4%(<5%)
energy|RegionC|renewable,energy,基础模型,tabpfn,0.1564366648745059,0.0140487409621341,1.3889453904636322,0.0945389524354863,1.0,0.0,21.83411521911621,3.2952830293616486,5,拒绝:MAPE降幅=-15643666487.5%(<5%)
energy|RegionD|renewable,energy,统计基线,stat_hist,5.938656534198713e-16,8.980924448009735e-16,1.3905555537475492e-14,1.908244171227749e-14,1.0,0.0,0.0,0.0,5,通过:统计基线(门)
energy|RegionD|renewable,energy,树类,lgbm_point,0.1807436178832824,0.0532766416248603,4.6131613805973695,1.8898521571217564,1.0,0.0,543.0669201700297,54.985687099790354,5,拒绝:MAPE降幅=-18074361788.3%(<5%)
energy|RegionD|renewable,energy,树类,xgboost_point,0.0468888784698581,0.0277838718351444,1.3497581212861998,0.9004968880782034,1.0,0.0,543.0669201700298,54.46525393592337,5,拒绝:MAPE降幅=-4688887847.0%(<5%)
energy|RegionD|renewable,energy,树类,qrf_quantile,0.5938000952876085,0.6018069769918534,5.929677361202684,5.026098027764642,1.0,0.0,35.04076020408163,3.595326020408164,5,拒绝:MAPE降幅=-59380009528.8%(<5%)
energy|RegionD|renewable,energy,树类,lgbm_quantile,0.1185459272759196,0.0480043253313012,2.5894537109800493,0.6087316013402261,0.7275510204081632,0.1295431171476632,293.8990836597589,30.608621718995312,5,拒绝:MAPE降幅=-11854592727.6%(<5%)
energy|RegionD|renewable,energy,树类,gbm_quantile,0.2446847449878635,0.0471380123362912,3.5051981160562304,0.2199826894471868,0.761734693877551,0.0762452161532494,346.18002196564674,35.49142148855949,5,拒绝:MAPE降幅=-24468474498.8%(<5%)
energy|RegionD|renewable,energy,深度,deep_lstm,0.2691655435870011,0.3695967562112757,2.304123626143135,3.129530366661744,1.0,0.0,543.0332110565186,55.32072749899189,5,拒绝:MAPE降幅=-26916554358.7%(<5%)
energy|RegionD|renewable,energy,深度,deep_tcn,0.2801840383237672,0.2414553687971647,2.6708944143296214,2.2555884601850456,1.0,0.0,543.0332110565186,55.37220181648415,5,拒绝:MAPE降幅=-28018403832.4%(<5%)
energy|RegionD|renewable,energy,基础模型,tabpfn,0.1564366648745059,0.0140487409621341,1.3889453904636322,0.0945389524354863,1.0,0.0,21.83411521911621,3.2952830293616486,5,拒绝:MAPE降幅=-15643666487.5%(<5%)
energy|RegionE|renewable,energy,统计基线,stat_hist,5.938656534198713e-16,8.980924448009735e-16,1.3905555537475492e-14,1.908244171227749e-14,1.0,0.0,0.0,0.0,5,通过:统计基线(门)
energy|RegionE|renewable,energy,树类,lgbm_point,0.1807436178832824,0.0532766416248603,4.6131613805973695,1.8898521571217564,1.0,0.0,543.0669201700297,54.985687099790354,5,拒绝:MAPE降幅=-18074361788.3%(<5%)
energy|RegionE|renewable,energy,树类,xgboost_point,0.0468888784698581,0.0277838718351444,1.3497581212861998,0.9004968880782034,1.0,0.0,543.0669201700298,54.46525393592337,5,拒绝:MAPE降幅=-4688887847.0%(<5%)
energy|RegionE|renewable,energy,树类,qrf_quantile,0.6039134359384188,0.60559401126081,6.077523438627487,5.213477931199376,1.0,0.0,36.23245918367347,3.709281632653062,5,拒绝:MAPE降幅=-60391343593.8%(<5%)
energy|RegionE|renewable,energy,树类,lgbm_quantile,0.1185459272759196,0.0480043253313012,2.5894537109800493,0.6087316013402261,0.7275510204081632,0.1295431171476632,293.8990836597589,30.608621718995312,5,拒绝:MAPE降幅=-11854592727.6%(<5%)
energy|RegionE|renewable,energy,树类,gbm_quantile,0.2189101031463078,0.015309511467733,3.357867529605353,0.1174774114430942,0.7770408163265307,0.0611074561694414,344.93317942634945,35.27202011503471,5,拒绝:MAPE降幅=-21891010314.6%(<5%)
energy|RegionE|renewable,energy,深度,deep_lstm,0.2298638386695871,0.3157629745856604,1.9791852599648347,2.6355275624202945,1.0,0.0,543.0332110565186,55.14714421769492,5,拒绝:MAPE降幅=-22986383867.0%(<5%)
energy|RegionE|renewable,energy,深度,deep_tcn,0.2307146266566023,0.2377219286784405,2.3842467829544605,2.63310502511281,1.0,0.0,543.0332110565186,55.229672370113335,5,拒绝:MAPE降幅=-23071462665.7%(<5%)
energy|RegionE|renewable,energy,基础模型,tabpfn,0.1564366648745059,0.0140487409621341,1.3889453904636322,0.0945389524354863,1.0,0.0,21.83411521911621,3.2952830293616486,5,拒绝:MAPE降幅=-15643666487.5%(<5%)
energy|RegionF|renewable,energy,统计基线,stat_hist,5.938656534198713e-16,8.980924448009735e-16,1.3905555537475492e-14,1.908244171227749e-14,1.0,0.0,0.0,0.0,5,通过:统计基线(门)
energy|RegionF|renewable,energy,树类,lgbm_point,0.1807436178832824,0.0532766416248603,4.6131613805973695,1.8898521571217564,1.0,0.0,543.0669201700297,54.985687099790354,5,拒绝:MAPE降幅=-18074361788.3%(<5%)
energy|RegionF|renewable,energy,树类,xgboost_point,0.0468888784698581,0.0277838718351444,1.3497581212861998,0.9004968880782034,1.0,0.0,543.0669201700298,54.46525393592337,5,拒绝:MAPE降幅=-4688887847.0%(<5%)
energy|RegionF|renewable,energy,树类,qrf_quantile,0.6138988900881617,0.63109107151483,6.155245932608864,5.095756371509708,1.0,0.0,36.057632653061226,3.691798979591837,5,拒绝:MAPE降幅=-61389889008.8%(<5%)
energy|RegionF|renewable,energy,树类,lgbm_quantile,0.1185459272759196,0.0480043253313012,2.5894537109800493,0.6087316013402261,0.7275510204081632,0.1295431171476632,293.8990836597589,30.608621718995312,5,拒绝:MAPE降幅=-11854592727.6%(<5%)
energy|RegionF|renewable,energy,树类,gbm_quantile,0.2061963792862232,0.0212847312320165,3.144014668351051,0.4118416223503471,0.7928571428571429,0.0500351292670094,349.2922151802046,35.67088361675328,5,拒绝:MAPE降幅=-20619637928.6%(<5%)
energy|RegionF|renewable,energy,深度,deep_lstm,0.2585466845572678,0.316162173187601,2.134394625067817,2.5638657793614725,1.0,0.0,543.0332110565186,55.17532094591862,5,拒绝:MAPE降幅=-25854668455.7%(<5%)
energy|RegionF|renewable,energy,深度,deep_tcn,0.2612110962880746,0.2784972563527028,2.5746167749833395,2.7225186895221545,1.0,0.0,543.0332110565186,55.259755295878776,5,拒绝:MAPE降幅=-26121109628.8%(<5%)
energy|RegionF|renewable,energy,基础模型,tabpfn,0.1564366648745059,0.0140487409621341,1.3889453904636322,0.0945389524354863,1.0,0.0,21.83411521911621,3.2952830293616486,5,拒绝:MAPE降幅=-15643666487.5%(<5%)
energy|RegionA|price,energy,统计基线,stat_hist,2.806988687716089,1.4897068857831286,22.315284717106312,9.70577432489146,0.4571428571428571,0.3426942488403546,34.19414846938775,19.793540612244897,5,通过:统计基线(门)
energy|RegionA|price,energy,树类,lgbm_point,0.797115546146236,0.4039594872779324,7.05785814836987,3.3676431487334537,1.0,0.0,526.8309780907302,55.49230581458121,5,通过:MAPE降幅=71.6%
energy|RegionA|price,energy,树类,xgboost_point,0.7647251820082066,0.4543463775041043,6.639980362717736,3.7474439234655055,1.0,0.0,526.8309780907302,55.37372982188792,5,通过:MAPE降幅=72.8%
energy|RegionA|price,energy,树类,qrf_quantile,1.1187774449967234,0.6021503288817088,9.86838258723491,4.542620008064195,0.6744897959183673,0.2237246352360312,18.99176530612244,7.263923979591839,5,通过:MAPE降幅=60.1%
energy|RegionA|price,energy,树类,lgbm_quantile,1.3976890995321374,0.6375790579579473,12.32439332531867,4.559712843059396,0.5224489795918367,0.0911503545268055,49.20375669423468,12.600979651069112,5,通过:MAPE降幅=50.2%
energy|RegionA|price,energy,树类,gbm_quantile,2.2191794873801203,1.823698868777674,17.12568013267512,11.737762433564816,0.588265306122449,0.0782668693136072,130.54601131948831,22.228137722058,5,通过:MAPE降幅=20.9%
energy|RegionA|price,energy,深度,deep_lstm,4.888852749662239,2.349190134734208,44.216134743269,22.21010013823328,1.0,0.0,526.8556452357318,69.69145054711234,5,拒绝:MAPE降幅=-74.2%(<5%)
energy|RegionA|price,energy,深度,deep_tcn,8.354987269043685,0.5947085235346026,95.86524537356316,2.743079388615825,0.9581632653061224,0.001397251422207,526.8556452357318,83.51014833031373,5,拒绝:MAPE降幅=-197.6%(<5%)
energy|RegionA|price,energy,基础模型,tabpfn,0.5265933212897999,0.2989166295314752,4.6260764820901255,2.675296073753165,0.948469387755102,0.0984277431236225,21.61698036193848,4.492625250057299,5,通过:MAPE降幅=81.2%
energy|RegionB|price,energy,统计基线,stat_hist,2.8069841192685314,1.4897123236352534,21.38551921507625,9.301407331447832,0.4571428571428571,0.3426942488403546,32.76938265306122,18.968749744897963,5,通过:统计基线(门)
energy|RegionB|price,energy,树类,lgbm_point,0.7881234515755511,0.4178870173530197,6.664422231099581,3.323531579165926,1.0,0.0,504.87995096734176,53.1528652861668,5,通过:MAPE降幅=71.9%
energy|RegionB|price,energy,树类,xgboost_point,0.7569063891366137,0.4480424382503367,6.290271778628432,3.5335563013015925,1.0,0.0,504.87995096734176,53.04090475940906,5,通过:MAPE降幅=73.0%
energy|RegionB|price,energy,树类,qrf_quantile,1.1315702802108647,0.6124144913640225,9.398348237317691,4.268946742218208,0.6943877551020409,0.2120295463603581,18.786938775510208,6.816793367346937,5,通过:MAPE降幅=59.7%
energy|RegionB|price,energy,树类,lgbm_quantile,1.5808487791588617,0.7774526947084239,12.956022380114057,4.472487171566428,0.6275510204081634,0.0808113982727406,49.98548634829913,12.026070025872055,5,通过:MAPE降幅=43.7%
energy|RegionB|price,energy,树类,gbm_quantile,1.848625408936904,1.4311778971807358,14.367451971422144,9.307388504001407,0.6183673469387755,0.1067259868848793,118.06538325348686,19.18232532652806,5,通过:MAPE降幅=34.1%
energy|RegionB|price,energy,深度,deep_lstm,4.622624760178886,2.2082281725886537,39.73048425999475,19.64774913080573,1.0,0.0,504.903520035602,65.76238781881817,5,拒绝:MAPE降幅=-64.7%(<5%)
energy|RegionB|price,energy,深度,deep_tcn,8.09068751843431,0.4329984059930116,91.694725542369,3.143118790574602,0.9581632653061224,0.001397251422207,504.903520035602,79.45083752446169,5,拒绝:MAPE降幅=-188.2%(<5%)
energy|RegionB|price,energy,基础模型,tabpfn,0.5285232207082421,0.2994184148178687,4.446651356515978,2.56713758497856,0.9474489795918368,0.099319582284862,20.688725662231445,4.315901992486448,5,通过:MAPE降幅=81.2%
energy|RegionC|price,energy,统计基线,stat_hist,2.8069941852609794,1.4896951006427197,20.76559467721864,9.031734131362876,0.4571428571428571,0.3426942488403546,31.81892653061224,18.41910005102041,5,通过:统计基线(门)
energy|RegionC|price,energy,树类,lgbm_point,0.8019243307611262,0.4116270158187509,6.575163190154511,3.177583037660446,1.0,0.0,490.2454768014021,51.65404273184053,5,通过:MAPE降幅=71.4%
energy|RegionC|price,energy,树类,xgboost_point,0.7645053404831315,0.4446253634680801,6.187459329856926,3.4240711510783504,1.0,0.0,490.2454768014021,51.53069025390555,5,通过:MAPE降幅=72.8%
energy|RegionC|price,energy,树类,qrf_quantile,1.0601958541189755,0.5453104707396376,8.90083259444288,3.986121268323886,0.6943877551020409,0.2124664635319676,17.853040816326534,6.603901020408162,5,通过:MAPE降幅=62.2%
energy|RegionC|price,energy,树类,lgbm_quantile,1.44865881069815,0.6073502781568022,12.098997322680331,4.16375426744325,0.5760204081632653,0.1183601994675258,47.26860882464756,11.316709273898228,5,通过:MAPE降幅=48.4%
energy|RegionC|price,energy,树类,gbm_quantile,2.072336220412883,1.677692925998275,15.309615722360425,10.332412428188572,0.6321428571428571,0.128204956334852,109.05577674545404,18.37095010412508,5,通过:MAPE降幅=26.2%
energy|RegionC|price,energy,深度,deep_lstm,4.719481134636227,1.979203704200148,41.15940649278066,18.218251423525818,1.0,0.0,490.26832148459016,64.40531697274358,5,拒绝:MAPE降幅=-68.1%(<5%)
energy|RegionC|price,energy,深度,deep_tcn,8.224746462461901,0.6480269128853269,89.17442339877769,3.2985687388615825,0.9581632653061224,0.001397251422207,490.26832148459016,77.58767226088153,5,拒绝:MAPE降幅=-193.0%(<5%)
energy|RegionC|price,energy,基础模型,tabpfn,0.5267992608978456,0.2983338707429328,4.306150976499221,2.4830867594620307,0.946938775510204,0.1004564499374106,20.10040702819824,4.180094033066108,5,通过:MAPE降幅=81.2%
energy|RegionD|price,energy,统计基线,stat_hist,2.806967301541274,1.489715907134795,13.327071849454512,5.796523955601926,0.4571428571428571,0.3426942488403546,20.421113775510204,11.8211175,5,通过:统计基线(门)
energy|RegionD|price,energy,树类,lgbm_point,0.7835968990826805,0.4142781334440357,4.129706519262999,2.081855737524232,1.0,0.0,314.6349669265179,33.11136471267012,5,通过:MAPE降幅=72.1%
energy|RegionD|price,energy,树类,xgboost_point,0.7538399351967949,0.4490237488896955,3.921384479837388,2.2201856017898014,1.0,0.0,314.63496692651785,33.05153700824091,5,通过:MAPE降幅=73.1%
energy|RegionD|price,energy,树类,qrf_quantile,1.0982793796057977,0.5782379346673833,5.745683167429311,2.5466600563672586,0.6913265306122448,0.2143768027974947,11.48266836734694,4.258927551020408,5,通过:MAPE降幅=60.9%
energy|RegionD|price,energy,树类,lgbm_quantile,1.8066843661084,1.160939307407325,9.52631049472269,4.976316478711996,0.5780612244897959,0.0937755934800101,26.71607946010443,7.493487686768691,5,通过:MAPE降幅=35.6%
energy|RegionD|price,energy,树类,gbm_quantile,2.041876173152002,1.6108222278222255,9.541061264513798,6.1974599668892,0.6219387755102042,0.0859886885619251,65.50635459474172,11.334578390852624,5,通过:MAPE降幅=27.3%
energy|RegionD|price,energy,深度,deep_lstm,4.85815856313755,2.6137747237512667,25.74508321556163,14.499542664853816,1.0,0.0,314.6497205745117,41.419146641759546,5,拒绝:MAPE降幅=-73.1%(<5%)
energy|RegionD|price,energy,深度,deep_tcn,8.41392360369817,0.5335421363725068,57.34206000723465,2.247326891464508,0.9581632653061224,0.001397251422207,314.6497205745117,49.98393670288771,5,拒绝:MAPE降幅=-199.8%(<5%)
energy|RegionD|price,energy,基础模型,tabpfn,0.5271299234384197,0.298794103568442,2.7664704141091194,1.598823138832005,0.948469387755102,0.0984277431236225,12.91465892791748,2.689804902368663,5,通过:MAPE降幅=81.2%
energy|RegionE|price,energy,统计基线,stat_hist,2.8070108380161094,1.4897128427159994,11.777601980477757,5.122479160015107,0.4571428571428571,0.3426942488403546,18.047298469387748,10.44659974489796,5,通过:统计基线(门)
energy|RegionE|price,energy,树类,lgbm_point,0.7973327473490294,0.4152145369752782,3.694518300350405,1.8388405045959169,1.0,0.0,278.04980064067445,29.28529495739611,5,通过:MAPE降幅=71.6%
energy|RegionE|price,energy,树类,xgboost_point,0.7534471628630122,0.437572320566453,3.468673719835549,1.9263338996356825,1.0,0.0,278.04980064067445,29.207439770276583,5,通过:MAPE降幅=73.2%
energy|RegionE|price,energy,树类,qrf_quantile,1.0927369995954104,0.5616878620833115,5.109325492214957,2.260283086480396,0.6846938775510203,0.2231639885023228,9.927040816326528,3.774413265306124,5,通过:MAPE降幅=61.1%
energy|RegionE|price,energy,树类,lgbm_quantile,1.4579789905708709,0.722048283162801,6.725720072801994,2.7076700840713817,0.5836734693877552,0.1050016857919847,23.087614237758324,5.990952436837024,5,通过:MAPE降幅=48.1%
energy|RegionE|price,energy,树类,gbm_quantile,2.1327541426922605,1.7370340069969314,8.744746587554214,5.903194157456195,0.6173469387755102,0.1587690013617879,52.91859681586885,9.73816426523455,5,通过:MAPE降幅=24.0%
energy|RegionE|price,energy,深度,deep_lstm,4.676762835785435,2.142628583950913,22.51403514423612,11.069202354060396,1.0,0.0,278.0627694847238,36.38561137404529,5,拒绝:MAPE降幅=-66.6%(<5%)
energy|RegionE|price,energy,深度,deep_tcn,8.099425723465178,0.5678441647167015,50.79956983931599,2.160625361315004,0.9581632653061224,0.001397251422207,278.0627694847238,43.86871866535397,5,拒绝:MAPE降幅=-188.5%(<5%)
energy|RegionE|price,energy,基础模型,tabpfn,0.5258960939910192,0.2988465464184404,2.43737423221831,1.4119091180513137,0.9474489795918368,0.099319582284862,11.41977481842041,2.372564651333556,5,通过:MAPE降幅=81.3%
energy|RegionF|price,energy,统计基线,stat_hist,2.80698932210347,1.4896423048076832,12.397371642362245,5.391980499474842,0.4571428571428571,0.3426942488403546,18.99671326530612,10.99613331632653,5,通过:统计基线(门)
energy|RegionF|price,energy,树类,lgbm_point,0.7808841048485078,0.4235300251944556,3.823645073286244,1.951968980163084,1.0,0.0,292.68384737329563,30.79405908169893,5,通过:MAPE降幅=72.2%
energy|RegionF|price,energy,树类,xgboost_point,0.7605934022726412,0.441833138258287,3.720194827926499,2.0363343218940693,1.0,0.0,292.68384737329563,30.76758545922599,5,通过:MAPE降幅=72.9%
energy|RegionF|price,energy,树类,qrf_quantile,1.1683615258779687,0.7060521485988146,5.4959816616201085,2.757812057189589,0.6913265306122449,0.2112192521286926,10.360438775510202,3.907592346938776,5,通过:MAPE降幅=58.4%
energy|RegionF|price,energy,树类,lgbm_quantile,1.5724009969045467,0.8170657318728565,7.831021866312275,3.416863652628134,0.5755102040816327,0.1038675770040217,20.9129667933482,6.487369300524835,5,通过:MAPE降幅=44.0%
energy|RegionF|price,energy,树类,gbm_quantile,2.1399373082554307,1.56853910714924,9.38941444474928,5.600504556267557,0.5974489795918367,0.1320310179943324,56.44836367081852,10.435163037216194,5,通过:MAPE降幅=23.8%
energy|RegionF|price,energy,深度,deep_lstm,4.7630367007444,1.7212037989584994,23.9555106024372,9.915620961099991,1.0,0.0,292.69753616747283,38.37184225721555,5,拒绝:MAPE降幅=-69.7%(<5%)
energy|RegionF|price,energy,深度,deep_tcn,8.295105941485128,0.374521913382314,53.08700087964471,1.7928121443200562,0.9591836734693878,0.0031243491617132,292.69753616747283,46.23164381599029,5,拒绝:MAPE降幅=-195.5%(<5%)
energy|RegionF|price,energy,基础模型,tabpfn,0.5262654224084649,0.2989283064479414,2.5673241977211125,1.485282439551263,0.9474489795918368,0.099319582284862,12.000766944885251,2.4949889144897464,5,通过:MAPE降幅=81.3%
energy|RegionA|carbon,energy,统计基线,stat_hist,1.9241775013017728,0.0619259908349854,0.0131899600307879,0.0003385020476434,0.9413265306122448,0.0829768161596458,0.0354430969387755,0.0094198147959183,5,通过:统计基线(门)
energy|RegionA|carbon,energy,树类,lgbm_point,0.0934363169320154,0.0571684527686067,0.0009257876234041,0.0004798846573843,1.0,0.0,0.0962037039633217,0.0099081219038693,5,通过:MAPE降幅=95.1%
energy|RegionA|carbon,energy,树类,xgboost_point,0.0755106784267303,0.0229146985818931,0.0007658447484354,0.0003099763070938,1.0,0.0,0.0962037039633217,0.0098523749077615,5,通过:MAPE降幅=96.1%
energy|RegionA|carbon,energy,树类,qrf_quantile,0.3266428563591579,0.2244653836536534,0.0025501064668092,0.0016869980751721,0.995408163265306,0.0068451060535707,0.0175344897959183,0.002505081632653,5,通过:MAPE降幅=83.0%
energy|RegionA|carbon,energy,树类,lgbm_quantile,0.1088936542834051,0.0683069396751204,0.0012056554527135,0.0005551074832798,0.7035714285714285,0.0335243295938765,0.0088063680840706,0.0014509852354307,5,通过:MAPE降幅=94.3%
energy|RegionA|carbon,energy,树类,gbm_quantile,0.1773727616700359,0.0350480879691108,0.0020503752855653,0.0003515853778489,0.814795918367347,0.0146100214931391,0.0150085108217081,0.0020823959913226,5,通过:MAPE降幅=90.8%
energy|RegionA|carbon,energy,深度,deep_lstm,0.3169570146743369,0.2073038092321472,0.0024479056682773,0.0017281951452913,1.0,0.0,0.0964305561231725,0.0106147016008361,5,通过:MAPE降幅=83.5%
energy|RegionA|carbon,energy,深度,deep_tcn,0.2285646641478572,0.083019027968861,0.0017479492054535,0.0005733266917837,1.0,0.0,0.0964305561231725,0.0103472284824069,5,通过:MAPE降幅=88.1%
energy|RegionA|carbon,energy,基础模型,tabpfn,0.0410647870331027,0.0074757605466221,0.0003193420646007,6.240227277637505e-05,1.0,0.0,0.0038671070244163,0.000594472070981,5,通过:MAPE降幅=97.9%
energy|RegionB|carbon,energy,统计基线,stat_hist,1.923097200418188,0.0619931826346661,0.0123330442865539,0.0003168435978136,0.9413265306122448,0.0829768161596458,0.0331353928571428,0.0088073632653061,5,通过:统计基线(门)
energy|RegionB|carbon,energy,树类,lgbm_point,0.0952148492693499,0.0583933494031481,0.0008600202293364,0.000441032913286,1.0,0.0,0.0899937728973784,0.0092736626064011,5,通过:MAPE降幅=95.0%
energy|RegionB|carbon,energy,树类,xgboost_point,0.0778803114218876,0.0223742075222376,0.0007314918186985,0.0002898138500583,1.0,0.0,0.0899937728973784,0.009223640508598,5,通过:MAPE降幅=96.0%
energy|RegionB|carbon,energy,树类,qrf_quantile,0.3240347080064905,0.2158282644035953,0.0023801744783066,0.001546097290552,0.995408163265306,0.0068451060535707,0.0162965306122449,0.0023442448979591,5,通过:MAPE降幅=83.2%
energy|RegionB|carbon,energy,树类,lgbm_quantile,0.1170057041037059,0.0718945856747318,0.0012037750197285,0.000555771400824,0.7270408163265306,0.0306653451024778,0.0084774928553567,0.001396616313194,5,通过:MAPE降幅=93.9%
energy|RegionB|carbon,energy,树类,gbm_quantile,0.1892274146468567,0.0260325545756414,0.0020623552537613,0.0002749279997844,0.7877551020408163,0.0328873925907822,0.0143456500727603,0.0020194198622618,5,通过:MAPE降幅=90.2%
energy|RegionB|carbon,energy,深度,deep_lstm,0.3063893727613133,0.299601127702794,0.0021929901342308,0.0022060913987619,1.0,0.0,0.0902058959126096,0.0098946206304345,5,通过:MAPE降幅=84.1%
energy|RegionB|carbon,energy,深度,deep_tcn,0.2079313289310075,0.0600553815754142,0.0015205332079434,0.0004361813586655,1.0,0.0,0.0902058959126096,0.0096215451905453,5,通过:MAPE降幅=89.2%
energy|RegionB|carbon,energy,基础模型,tabpfn,0.0411776861872561,0.0069445115053968,0.0002986640007557,5.400579554469743e-05,1.0,0.0,0.0036097301635891,0.0005523319604688,5,通过:MAPE降幅=97.9%
energy|RegionC|carbon,energy,统计基线,stat_hist,1.9252833316888247,0.0619029485026027,0.0117048384831005,0.0003001075817199,0.9413265306122448,0.0829768161596458,0.0314370510204081,0.0083586285714285,5,通过:统计基线(门)
energy|RegionC|carbon,energy,树类,lgbm_point,0.0949822538154522,0.0561914296345986,0.0008409731402256,0.0004326594891861,1.0,0.0,0.0853451982080114,0.0087942147008553,5,通过:MAPE降幅=95.1%
energy|RegionC|carbon,energy,树类,xgboost_point,0.0769021171788884,0.0234012738445043,0.0006880454068556,0.0002808015092152,1.0,0.0,0.0853451982080113,0.0087443052952061,5,通过:MAPE降幅=96.0%
energy|RegionC|carbon,energy,树类,qrf_quantile,0.3361648540912657,0.2330316777549357,0.0023190307809875,0.0015924827113216,0.995408163265306,0.0068451060535707,0.0155914285714285,0.0022674591836734,5,通过:MAPE降幅=82.5%
energy|RegionC|carbon,energy,树类,lgbm_quantile,0.1137109566199417,0.0673770906093274,0.0011062152593438,0.0004997735888872,0.713265306122449,0.0363285369773834,0.0078810093044891,0.0012788009119798,5,通过:MAPE降幅=94.1%
energy|RegionC|carbon,energy,树类,gbm_quantile,0.1767230837166992,0.0369439929211732,0.0017629431611835,0.0002647061842997,0.810204081632653,0.0128314044285299,0.0133166433786617,0.0018384340089091,5,通过:MAPE降幅=90.8%
energy|RegionC|carbon,energy,深度,deep_lstm,0.3649202511916578,0.4001841568242655,0.002449207532153,0.0026836363316831,1.0,0.0,0.0855465069666705,0.0095576618877318,5,通过:MAPE降幅=81.0%
energy|RegionC|carbon,energy,深度,deep_tcn,0.2314877607357704,0.0677852894281845,0.0015710503835744,0.0003936880774561,1.0,0.0,0.0855465069666705,0.0091884199707739,5,通过:MAPE降幅=88.0%
energy|RegionC|carbon,energy,基础模型,tabpfn,0.0409614655312716,0.0068292533266534,0.0002825965884709,4.935140890580374e-05,1.0,0.0,0.0034229560289531,0.0005261932669245,5,通过:MAPE降幅=97.9%
energy|RegionD|carbon,energy,统计基线,stat_hist,1.9240171172698664,0.0619255980143077,0.0089327432886567,0.0002292303391823,0.9413265306122448,0.0829768161596458,0.0239960663265306,0.0063797163265306,5,通过:统计基线(门)
energy|RegionD|carbon,energy,树类,lgbm_point,0.0939350265209449,0.054861794441138,0.0006250035886683,0.0003121590395531,1.0,0.0,0.0651656545042519,0.0067126389870539,5,通过:MAPE降幅=95.1%
energy|RegionD|carbon,energy,树类,xgboost_point,0.080082649845248,0.0244938151047219,0.000538349038624,0.0002150795873065,1.0,0.0,0.0651656545042519,0.0066834973023571,5,通过:MAPE降幅=95.8%
energy|RegionD|carbon,energy,树类,qrf_quantile,0.3250852504333875,0.2209679963160033,0.0017227720917461,0.0011576984400497,0.995408163265306,0.0068451060535707,0.011871275510204,0.0017079948979591,5,通过:MAPE降幅=83.1%
energy|RegionD|carbon,energy,树类,lgbm_quantile,0.1169975504686826,0.0681094037518395,0.0008724401572741,0.0003933582771038,0.7127551020408164,0.019478172621246,0.0061668572940818,0.0010214270484634,5,通过:MAPE降幅=93.9%
energy|RegionD|carbon,energy,树类,gbm_quantile,0.1816595876676605,0.0372185035164148,0.0013809250079967,0.0001849374584417,0.8239795918367347,0.0208029418753827,0.0105059068585048,0.0014503801968932,5,通过:MAPE降幅=90.6%
energy|RegionD|carbon,energy,深度,deep_lstm,0.335725964945527,0.2508014076764366,0.0017570210401936,0.001336572575687,1.0,0.0,0.0653190824153099,0.0072325683390662,5,通过:MAPE降幅=82.6%
energy|RegionD|carbon,energy,深度,deep_tcn,0.247795937027569,0.0676740798039036,0.0012846218346122,0.0003287407977356,1.0,0.0,0.0653190824153099,0.0070534166397055,5,通过:MAPE降幅=87.1%
energy|RegionD|carbon,energy,基础模型,tabpfn,0.0407927972417824,0.006945527820382,0.0002145162740283,3.8881395676028274e-05,1.0,0.0,0.0026233559474349,0.0004028278059253,5,通过:MAPE降幅=97.9%
energy|RegionE|carbon,energy,统计基线,stat_hist,1.92219185427376,0.0616805267798441,0.0046768081817015,0.000119612097453,0.9413265306122448,0.0829768161596458,0.0125572397959183,0.0033395658163265,5,通过:统计基线(门)
energy|RegionE|carbon,energy,树类,lgbm_point,0.0960312611342426,0.0570249392091053,0.0003331634023317,0.0001748378152412,1.0,0.0,0.034127528632061,0.0035176565679714,5,通过:MAPE降幅=95.0%
energy|RegionE|carbon,energy,树类,xgboost_point,0.0855327044333506,0.0259376056079102,0.0002952255659566,0.0001190787895236,1.0,0.0,0.034127528632061,0.0035061398250664,5,通过:MAPE降幅=95.6%
energy|RegionE|carbon,energy,树类,qrf_quantile,0.3241552228690109,0.2201503938670599,0.0008946538294618,0.0005878216684413,0.995408163265306,0.0068451060535707,0.0061793367346938,0.0008901530612244,5,通过:MAPE降幅=83.1%
energy|RegionE|carbon,energy,树类,lgbm_quantile,0.1088829870863795,0.0652021734965124,0.0004266940386553,0.000197088314688,0.7076530612244899,0.0277463784309769,0.0031355327422248,0.0005085442889257,5,通过:MAPE降幅=94.3%
energy|RegionE|carbon,energy,树类,gbm_quantile,0.1768122679375517,0.0233360495688631,0.00071070475269,5.466122465455188e-05,0.798469387755102,0.0286918925489846,0.0052939278605881,0.0007381428003044,5,通过:MAPE降幅=90.8%
energy|RegionE|carbon,energy,深度,deep_lstm,0.3011509209581514,0.2563281003653355,0.0008249052234961,0.0007222342396537,1.0,0.0,0.0342087064987024,0.0037483253582721,5,通过:MAPE降幅=84.3%
energy|RegionE|carbon,energy,深度,deep_tcn,0.2062071855257681,0.0590888861558993,0.0005720464232016,0.0001448860382976,1.0,0.0,0.0342087064987024,0.003646068828913,5,通过:MAPE降幅=89.3%
energy|RegionE|carbon,energy,基础模型,tabpfn,0.0407377121889549,0.006900973773467,0.0001124489642095,2.039834752640752e-05,1.0,0.0,0.0013655106537044,0.000208135746462,5,通过:MAPE降幅=97.9%
energy|RegionF|carbon,energy,统计基线,stat_hist,1.923738324097045,0.0620730867333801,0.0055287768136916,0.0001422058486646,0.9413265306122448,0.0829768161596458,0.0148556683673469,0.0039476178571428,5,通过:统计基线(门)
energy|RegionF|carbon,energy,树类,lgbm_point,0.0951425605445919,0.0566914844918869,0.0003902821087741,0.0002013010268895,1.0,0.0,0.0403429519371362,0.0041570936763098,5,通过:MAPE降幅=95.1%
energy|RegionF|carbon,energy,树类,xgboost_point,0.0851288684850135,0.0284638461569402,0.0003371912227406,0.0001313704937376,1.0,0.0,0.0403429519371362,0.0041440869662555,5,通过:MAPE降幅=95.6%
energy|RegionF|carbon,energy,树类,qrf_quantile,0.3189303526107096,0.219829364935403,0.0010443180046222,0.0006959046753042,0.995408163265306,0.0068451060535707,0.0073611734693877,0.0010512959183673,5,通过:MAPE降幅=83.4%
energy|RegionF|carbon,energy,树类,lgbm_quantile,0.1124784162655108,0.0628165781910517,0.0005191216856045,0.0002084550348786,0.7035714285714285,0.0440152679768856,0.0037567224776718,0.0006176256874689,5,通过:MAPE降幅=94.2%
energy|RegionF|carbon,energy,树类,gbm_quantile,0.1643680379703032,0.0318065971141689,0.0007715634866573,0.0001104632203416,0.7969387755102041,0.0277463784309769,0.0065607267936327,0.0008876823217748,5,通过:MAPE降幅=91.5%
energy|RegionF|carbon,energy,深度,deep_lstm,0.2986814550963194,0.2707426858740139,0.0009762199887235,0.0009033454024047,1.0,0.0,0.0404376542171728,0.0044302397890904,5,通过:MAPE降幅=84.5%
energy|RegionF|carbon,energy,深度,deep_tcn,0.213249037689405,0.0609718898605924,0.0006916708887393,0.0001743581792368,1.0,0.0,0.0404376542171728,0.0043203297793675,5,通过:MAPE降幅=88.9%
energy|RegionF|carbon,energy,基础模型,tabpfn,0.0410603181168349,0.0069059415067674,0.0001341338183035,2.3575207408484627e-05,1.0,0.0,0.0016234846087172,0.0002486132805688,5,通过:MAPE降幅=97.9%
energy|RegionA|nonai,energy,统计基线,stat_hist,4.843959183724357,0.4432958254967736,17.811584083068436,1.5739943189879029,0.767857142857143,0.0345566764901634,41.27819242714286,13.253442390239794,5,通过:统计基线(门)
energy|RegionA|nonai,energy,树类,lgbm_point,4.475590239877414,0.2598383163501739,16.64557652237645,0.8293885308449829,1.0,0.0,172.46210212637115,23.56624956063441,5,通过:MAPE降幅=7.6%
energy|RegionA|nonai,energy,树类,xgboost_point,4.344831823580819,0.342148911096316,16.20149278818046,1.255741875069854,1.0,0.0,172.46210212637112,23.39166528178197,5,通过:MAPE降幅=10.3%
energy|RegionA|nonai,energy,树类,qrf_quantile,4.354912089360911,0.2448084985609206,16.172077053796066,0.9014417775790768,0.8693877551020408,0.0332807964434702,48.56015085255102,12.04788176127551,5,通过:MAPE降幅=10.1%
energy|RegionA|nonai,energy,树类,lgbm_quantile,4.419183689763762,0.1993774554400599,16.4901388167023,0.7629619269522531,0.6693877551020407,0.0125752627998635,30.92772351444696,12.242251655281954,5,通过:MAPE降幅=8.8%
energy|RegionA|nonai,energy,树类,gbm_quantile,4.293640284609209,0.2482907362481004,16.038842154121003,0.9975399358094492,0.7576530612244898,0.0298589283436725,37.42801901844342,11.700487558991924,5,通过:MAPE降幅=11.4%
energy|RegionA|nonai,energy,深度,deep_lstm,4.696518360051078,0.3832305947459442,17.41625700192425,1.51673320944112,1.0,0.0,171.72074375388453,23.94152786905634,5,拒绝:MAPE降幅=3.0%(<5%)
energy|RegionA|nonai,energy,深度,deep_tcn,5.120578367579171,0.3471053097703436,19.12398312007211,1.2509683386470984,1.0,0.0,171.72074375388453,24.48688702659632,5,拒绝:MAPE降幅=-5.7%(<5%)
energy|RegionA|nonai,energy,基础模型,tabpfn,4.1082474425842825,0.2142515404727432,15.326604706129135,0.8003207603450418,0.8096938775510203,0.0272135415369277,36.70156021118164,11.0654957789912,5,通过:MAPE降幅=15.2%
energy|RegionB|nonai,energy,统计基线,stat_hist,4.667865741751166,0.3530610454820544,16.99866266632454,1.2550100344013524,0.763265306122449,0.0254719100334012,40.65676397734694,12.701063485081631,5,通过:统计基线(门)
energy|RegionB|nonai,energy,树类,lgbm_point,4.274643712420527,0.1914118323463733,16.044048759071718,0.4432952161899507,1.0,0.0,163.4132804580092,22.38974875552129,5,通过:MAPE降幅=8.4%
energy|RegionB|nonai,energy,树类,xgboost_point,4.25426554736594,0.2551474115562322,15.9844377944828,0.90410393461185,1.0,0.0,163.41328045800918,22.372111567273585,5,通过:MAPE降幅=8.9%
energy|RegionB|nonai,energy,树类,qrf_quantile,4.176304912099435,0.2387388609818959,15.596847120693605,0.5800194818623609,0.851530612244898,0.035042887390806,46.24121756479592,11.511876697040815,5,通过:MAPE降幅=10.5%
energy|RegionB|nonai,energy,树类,lgbm_quantile,4.261437266438234,0.2184968182889608,15.932177867625793,0.5901689732897267,0.6602040816326531,0.0394130589123451,29.731968099790794,11.80821461818449,5,通过:MAPE降幅=8.7%
energy|RegionB|nonai,energy,树类,gbm_quantile,4.119532129038047,0.2500189829214898,15.440178380275771,0.7136158055667209,0.746938775510204,0.023338700023434,35.140898328750495,11.25931081972274,5,通过:MAPE降幅=11.7%
energy|RegionB|nonai,energy,深度,deep_lstm,4.485497464437201,0.3238939469015004,16.508026292201354,0.8379913064619116,1.0,0.0,162.48902476998092,22.741481121953388,5,拒绝:MAPE降幅=3.9%(<5%)
energy|RegionB|nonai,energy,深度,deep_tcn,5.045028485482886,0.2364237023368841,19.047271989908257,0.7144279835181129,1.0,0.0,162.48902476998092,23.466636645557603,5,拒绝:MAPE降幅=-8.1%(<5%)
energy|RegionB|nonai,energy,基础模型,tabpfn,4.008410133452523,0.2281947327847319,15.0245597411034,0.601372843309588,0.7744897959183674,0.0291754662357057,34.18564910888672,10.773519321048408,5,通过:MAPE降幅=14.1%
energy|RegionC|nonai,energy,统计基线,stat_hist,4.682230286197816,0.3644321159514274,17.17221189379028,1.1289346973186356,0.7729591836734693,0.0489370563603338,41.00630745938776,12.645518460760204,5,通过:统计基线(门)
energy|RegionC|nonai,energy,树类,lgbm_point,4.248574388781135,0.2144931827371589,15.92710058237694,0.4967793394771245,1.0,0.0,160.78336539105536,22.118905416397983,5,通过:MAPE降幅=9.3%
energy|RegionC|nonai,energy,树类,xgboost_point,4.306147407515545,0.2857439435439265,16.04600898569065,0.7339340134963985,1.0,0.0,160.78336539105536,22.21631291892482,5,通过:MAPE降幅=8.0%
energy|RegionC|nonai,energy,树类,qrf_quantile,4.175065817359411,0.3638864414345661,15.531926998062852,1.1652206667430216,0.8556122448979593,0.0389646969084133,46.43498570306123,11.447932587142857,5,通过:MAPE降幅=10.8%
energy|RegionC|nonai,energy,树类,lgbm_quantile,4.155909813144132,0.3187960571512765,15.646601932928377,0.8131857163319731,0.6290816326530612,0.0491890715980834,29.250675013772536,11.628055716764989,5,通过:MAPE降幅=11.2%
energy|RegionC|nonai,energy,树类,gbm_quantile,4.10623743630978,0.2021322069879003,15.487975474069604,0.4827452891376605,0.741326530612245,0.0468513493716298,35.012722700375335,11.269900282174746,5,通过:MAPE降幅=12.3%
energy|RegionC|nonai,energy,深度,deep_lstm,4.5642714529598365,0.3409404123012643,16.811837638550966,0.9895286922505754,1.0,0.0,161.3903055870708,22.646784340594657,5,拒绝:MAPE降幅=2.5%(<5%)
energy|RegionC|nonai,energy,深度,deep_tcn,4.840644641934214,0.2515390779613096,18.404954219820432,0.5905963044099894,0.998469387755102,0.001397251422207,161.3903055870708,23.07532026987717,5,拒绝:MAPE降幅=-3.4%(<5%)
energy|RegionC|nonai,energy,基础模型,tabpfn,3.931130051234896,0.236597562757325,14.806729455701696,0.6160568027719133,0.7755102040816326,0.0377085344364655,33.84031105041504,10.570491310764858,5,通过:MAPE降幅=16.0%
energy|RegionD|nonai,energy,统计基线,stat_hist,15.47311988428757,0.8027045319216698,38.80733346234317,1.5838164260424008,0.7607142857142857,0.0378119401180836,94.38484906714288,29.57586171929082,5,通过:统计基线(门)
energy|RegionD|nonai,energy,树类,lgbm_point,12.197124459976326,0.2969803152203605,31.57059218907925,1.5501917466997628,0.9994897959183676,0.0011408510089284,228.8039214268136,35.54443894028132,5,通过:MAPE降幅=21.2%
energy|RegionD|nonai,energy,树类,xgboost_point,12.01079824946088,0.4980382238453473,31.307001383049247,1.4541247708700191,0.9994897959183676,0.0011408510089284,228.8039214268136,35.35103486564849,5,通过:MAPE降幅=22.4%
energy|RegionD|nonai,energy,树类,qrf_quantile,12.110055593519125,0.3662161486956909,30.79660529036001,1.004532223968785,0.8658163265306122,0.0276288582991067,95.7801577979592,23.745842228010204,5,通过:MAPE降幅=21.7%
energy|RegionD|nonai,energy,树类,lgbm_quantile,12.15132110885203,0.2866457016585483,31.468887997071697,1.0153199929854289,0.6607142857142857,0.028234621965789,62.40494382467932,24.176097161661243,5,通过:MAPE降幅=21.5%
energy|RegionD|nonai,energy,树类,gbm_quantile,11.867883027664789,0.3097251943497423,30.55505787350992,0.911599776625829,0.7530612244897961,0.0264741353349379,73.13653140565783,23.2799152377216,5,通过:MAPE降幅=23.3%
energy|RegionD|nonai,energy,深度,deep_lstm,12.528433660397216,0.5258875340442666,32.20751541496162,2.244938238838269,1.0,0.0,229.1787768309122,35.91638229942835,5,通过:MAPE降幅=19.0%
energy|RegionD|nonai,energy,深度,deep_tcn,12.87859895404256,0.6073050018562258,33.60111581538318,0.4628729796450612,1.0,0.0,229.1787768309122,36.44846000157721,5,通过:MAPE降幅=16.8%
energy|RegionD|nonai,energy,基础模型,tabpfn,11.402062765892127,0.3195838276380244,29.579561422044087,0.4805108972138487,0.7892857142857143,0.007779566674478,73.24957122802735,22.22182072208769,5,通过:MAPE降幅=26.3%
energy|RegionE|nonai,energy,统计基线,stat_hist,12.74381424488458,4.3089352434587616,32.364148338335966,1.6202238863166605,0.7556122448979592,0.0324391109367588,77.36949141494897,24.60405879754082,5,通过:统计基线(门)
energy|RegionE|nonai,energy,树类,lgbm_point,10.847015997785205,3.464060610202369,28.32428932404288,1.038960104924522,0.998469387755102,0.0022817020178569,221.3234613538897,33.29615281285587,5,通过:MAPE降幅=14.9%
energy|RegionE|nonai,energy,树类,xgboost_point,10.42247374814041,3.121038468543353,27.693885434942253,1.4702655289954427,0.998469387755102,0.0022817020178569,221.3234613538897,33.044813994223,5,通过:MAPE降幅=18.2%
energy|RegionE|nonai,energy,树类,qrf_quantile,10.80006678653472,3.589408340895485,27.851615271791303,1.3577090436940962,0.8566326530612244,0.0269008700540082,83.24324745357143,21.25156207622449,5,通过:MAPE降幅=15.3%
energy|RegionE|nonai,energy,树类,lgbm_quantile,11.049993781061405,3.9235977868078233,28.03657513672627,0.8808231508661074,0.6602040816326531,0.0340061641520062,53.45655862770801,21.707657642360488,5,通过:MAPE降幅=13.3%
energy|RegionE|nonai,energy,树类,gbm_quantile,10.761526209178047,3.5430613518190794,27.52694424922648,1.0745503459168777,0.7418367346938775,0.0291643114020975,63.36863843493548,20.68960240809,5,通过:MAPE降幅=15.6%
energy|RegionE|nonai,energy,深度,deep_lstm,10.4384442600573,2.667301326237068,28.080060688367364,1.6360987956182829,1.0,0.0,221.2448278348852,33.1475647758031,5,通过:MAPE降幅=18.1%
energy|RegionE|nonai,energy,深度,deep_tcn,10.675059260589148,2.493216813672351,29.658930669608644,0.6439396464301085,1.0,0.0,221.2448278348852,33.92441324275403,5,通过:MAPE降幅=16.2%
energy|RegionE|nonai,energy,基础模型,tabpfn,9.687312290127588,2.7432143264423217,25.984832886241986,0.6918135273225617,0.7739795918367347,0.0225010990522448,62.707898712158205,19.46751889547512,5,通过:MAPE降幅=24.0%
energy|RegionF|nonai,energy,统计基线,stat_hist,10.347908311145266,0.830941784296726,31.57049831700714,1.437859502311419,0.7836734693877551,0.0308979018951831,78.64965817372448,24.047991013316327,5,通过:统计基线(门)
energy|RegionF|nonai,energy,树类,lgbm_point,8.865633043775896,0.8555654747581517,27.15720250039241,1.9410274362254536,1.0,0.0,225.0879865231045,33.36878765800239,5,通过:MAPE降幅=14.3%
energy|RegionF|nonai,energy,树类,xgboost_point,8.662715402070159,0.7797006640215968,26.671636077205005,1.480437046925003,1.0,0.0,225.0879865231045,33.137786867712364,5,通过:MAPE降幅=16.3%
energy|RegionF|nonai,energy,树类,qrf_quantile,8.703512145052583,0.7860238204753568,26.695866439981547,1.2262961192529511,0.8734693877551021,0.0318928567347591,84.34600221020409,20.61351287841837,5,通过:MAPE降幅=15.9%
energy|RegionF|nonai,energy,树类,lgbm_quantile,8.856212975027143,0.8174960863420935,26.98556506777311,1.6087534912584502,0.6709183673469388,0.0355773614310749,54.85168266279226,21.083552596411888,5,通过:MAPE降幅=14.4%
energy|RegionF|nonai,energy,树类,gbm_quantile,8.65133796566915,0.8083943760206446,26.47090635376464,1.462204980810806,0.7484693877551021,0.0407205508963977,63.10159682723203,20.23491139810489,5,通过:MAPE降幅=16.4%
energy|RegionF|nonai,energy,深度,deep_lstm,9.09365449557746,0.93863066774338,27.703307592482325,2.242658348409288,0.9994897959183676,0.0011408510089284,224.9374619237959,33.548069512969924,5,通过:MAPE降幅=12.1%
energy|RegionF|nonai,energy,深度,deep_tcn,9.596331946121447,0.4827625046202045,29.805165384855467,1.0140363023508756,1.0,0.0,224.9374619237958,34.38316381722407,5,通过:MAPE降幅=7.3%
energy|RegionF|nonai,energy,基础模型,tabpfn,8.183260446874316,0.6260880120022663,25.42324744358977,1.1650832150371155,0.7841836734693877,0.0293976740630366,63.04321060180664,19.06368845160497,5,通过:MAPE降幅=20.9%
