series,model,layer,cv_mape,cv_gate,frozen_mape,frozen_imp,deploy_pass
RegionA|RealTimeInference,lgbm_point,task,65.91756756258484,拒绝:cov增益=-0.064(<基线std=0.021) 或宽度失控(119>118) 或pinball恶化(-37.1%<-2%) pinball降幅=-37.1%,78.1907564149704,-0.2862,False
RegionA|RealTimeInference,xgboost_point,task,64.75973315369257,拒绝:cov增益=-0.067(<基线std=0.021) 或宽度失控(119>118) 或pinball恶化(-37.6%<-2%) pinball降幅=-37.6%,78.9195607600646,-0.2982,False
RegionA|RealTimeInference,qrf_quantile,task,61.56206925191047,拒绝:cov增益=-0.001(<基线std=0.021) 或宽度失控(103>118) 或pinball恶化(-0.2%<-2%) pinball降幅=-0.2%,79.13239801032697,-0.3017,False
RegionA|RealTimeInference,lgbm_quantile,task,94.55386275636732,拒绝:cov增益=-0.054(<基线std=0.021) 或宽度失控(80>118) 或pinball恶化(-7.6%<-2%) pinball降幅=-7.6%,100.0,-0.645,False
RegionA|RealTimeInference,gbm_quantile,task,100.0,拒绝:cov增益=-0.032(<基线std=0.021) 或宽度失控(91>118) 或pinball恶化(-2.5%<-2%) pinball降幅=-2.5%,100.0,-0.645,False
RegionA|RealTimeInference,deep_lstm,task,59.87862856023683,拒绝:cov增益=-0.043(<基线std=0.021) 或宽度失控(119>118) 或pinball恶化(-32.4%<-2%) pinball降幅=-32.4%,77.23984773607408,-0.2706,False
RegionA|RealTimeInference,deep_tcn,task,60.72204071014677,拒绝:cov增益=-0.045(<基线std=0.021) 或宽度失控(119>118) 或pinball恶化(-32.4%<-2%) pinball降幅=-32.4%,77.13145801421133,-0.2688,False
RegionA|RealTimeInference,tabpfn,task,61.95266661851527,拒绝:cov增益=+0.016(<基线std=0.021) 或宽度失控(114>118) 或pinball恶化(-2.7%<-2%) pinball降幅=-2.7%,81.24422441209725,-0.3365,False
RegionA|BatchInference,lgbm_point,task,76.50736215214175,拒绝:cov增益=-0.118(<基线std=0.022) 或宽度失控(45>49) 或pinball恶化(-13.9%<-2%) pinball降幅=-13.9%,52.531984397248934,0.1926,True
RegionA|BatchInference,xgboost_point,task,77.2118204035708,拒绝:cov增益=-0.117(<基线std=0.022) 或宽度失控(45>49) 或pinball恶化(-14.1%<-2%) pinball降幅=-14.1%,54.86062696396458,0.1568,True
RegionA|BatchInference,qrf_quantile,task,68.54022232507339,拒绝:cov增益=+0.007(<基线std=0.022) 或宽度失控(44>49) 或pinball恶化(-0.8%<-2%) pinball降幅=-0.8%,49.07321661765665,0.2458,True
RegionA|BatchInference,lgbm_quantile,task,64.70865119363391,拒绝:cov增益=-0.125(<基线std=0.022) 或宽度失控(38>49) 或pinball恶化(-5.9%<-2%) pinball降幅=-5.9%,53.29933363370476,0.1808,True
RegionA|BatchInference,gbm_quantile,task,63.44472060891985,拒绝:cov增益=-0.013(<基线std=0.022) 或宽度失控(43>49) 或pinball恶化(-2.7%<-2%) pinball降幅=-2.7%,50.55431184285343,0.223,True
RegionA|BatchInference,deep_lstm,task,65.56839793287241,拒绝:cov增益=-0.020(<基线std=0.022) 或宽度失控(45>49) 或pinball恶化(-3.7%<-2%) pinball降幅=-3.7%,48.38835073813245,0.2563,True
RegionA|BatchInference,deep_tcn,task,64.20157570318756,拒绝:cov增益=-0.021(<基线std=0.022) 或宽度失控(45>49) 或pinball恶化(-3.7%<-2%) pinball降幅=-3.7%,51.62862198248441,0.2065,True
RegionA|BatchInference,tabpfn,task,67.53305296239009,拒绝:cov增益=-0.137(<基线std=0.022) 或宽度失控(48>49) 或pinball恶化(-2.1%<-2%) pinball降幅=-2.1%,45.305680840506035,0.3037,True
RegionA|AITraining,lgbm_point,task,85.75263711962138,拒绝:cov增益=-0.035(<基线std=0.023) 或宽度失控(18>21) 或pinball恶化(-10.0%<-2%) pinball降幅=-10.0%,94.46142275646973,-0.1545,False
RegionA|AITraining,xgboost_point,task,85.11985931958239,拒绝:cov增益=-0.039(<基线std=0.023) 或宽度失控(18>21) 或pinball恶化(-12.3%<-2%) pinball降幅=-12.3%,116.07368907491637,-0.4187,False
RegionA|AITraining,qrf_quantile,task,82.62778639696782,拒绝:cov增益=+0.013(<基线std=0.023) 或宽度失控(18>21) 或pinball恶化(-1.3%<-2%) pinball降幅=-1.3%,99.3717502874364,-0.2145,False
RegionA|AITraining,lgbm_quantile,task,76.3030669820608,拒绝:cov增益=-0.133(<基线std=0.023) 或宽度失控(14>21) 或pinball恶化(-6.8%<-2%) pinball降幅=-6.8%,72.60460587216804,0.1126,True
RegionA|AITraining,gbm_quantile,task,71.93555153350876,拒绝:cov增益=-0.062(<基线std=0.023) 或宽度失控(17>21) 或pinball恶化(-3.7%<-2%) pinball降幅=-3.7%,88.1281183002464,-0.0771,False
RegionA|AITraining,deep_lstm,task,82.37298886762808,拒绝:cov增益=-0.010(<基线std=0.023) 或宽度失控(18>21) 或pinball恶化(-0.4%<-2%) pinball降幅=-0.4%,101.84146326551593,-0.2447,False
RegionA|AITraining,deep_tcn,task,81.36083421988864,拒绝:cov增益=-0.009(<基线std=0.023) 或宽度失控(18>21) 或pinball恶化(-0.5%<-2%) pinball降幅=-0.5%,99.38014572795821,-0.2146,False
RegionA|AITraining,tabpfn,task,85.49645099187255,拒绝:cov增益=-0.002(<基线std=0.023) 或宽度失控(20>21) 或pinball恶化(-2.0%<-2%) pinball降幅=-2.0%,107.23470992726949,-0.3106,False
RegionB|RealTimeInference,lgbm_point,task,63.13996786313703,拒绝:cov增益=-0.086(<基线std=0.026) 或宽度失控(118>117) 或pinball恶化(-45.0%<-2%) pinball降幅=-45.0%,53.06788431396847,0.122,True
RegionB|RealTimeInference,xgboost_point,task,64.69944920552267,拒绝:cov增益=-0.091(<基线std=0.026) 或宽度失控(118>117) 或pinball恶化(-47.2%<-2%) pinball降幅=-47.2%,54.45777297505019,0.099,True
RegionB|RealTimeInference,qrf_quantile,task,59.70366682587269,拒绝:cov增益=+0.004(<基线std=0.026) 或宽度失控(102>117) 或pinball恶化(-0.9%<-2%) pinball降幅=-0.9%,60.10791507232089,0.0056,False
RegionB|RealTimeInference,lgbm_quantile,task,87.38930931309929,拒绝:cov增益=-0.039(<基线std=0.026) 或宽度失控(85>117) 或pinball恶化(-12.7%<-2%) pinball降幅=-12.7%,96.38292262931104,-0.5946,False
RegionB|RealTimeInference,gbm_quantile,task,100.0,拒绝:cov增益=-0.012(<基线std=0.026) 或宽度失控(95>117) 或pinball恶化(-1.6%<-2%) pinball降幅=-1.6%,100.0,-0.6544,False
RegionB|RealTimeInference,deep_lstm,task,61.37419797587735,拒绝:cov增益=-0.040(<基线std=0.026) 或宽度失控(117>117) 或pinball恶化(-34.4%<-2%) pinball降幅=-34.4%,61.930405694141,-0.0246,False
RegionB|RealTimeInference,deep_tcn,task,61.50409209372263,拒绝:cov增益=-0.038(<基线std=0.026) 或宽度失控(117>117) 或pinball恶化(-34.3%<-2%) pinball降幅=-34.3%,64.35646243627127,-0.0647,False
RegionB|RealTimeInference,tabpfn,task,61.46574607888075,拒绝:cov增益=+0.018(<基线std=0.026) 或宽度失控(112>117) 或pinball恶化(-4.3%<-2%) pinball降幅=-4.3%,69.17773058879307,-0.1445,False
RegionB|BatchInference,lgbm_point,task,72.97541952722354,拒绝:cov增益=-0.139(<基线std=0.034) 或宽度失控(43>48) 或pinball恶化(-15.7%<-2%) pinball降幅=-15.7%,81.44544817423755,-0.3298,False
RegionB|BatchInference,xgboost_point,task,71.52795110345689,拒绝:cov增益=-0.138(<基线std=0.034) 或宽度失控(43>48) 或pinball恶化(-15.0%<-2%) pinball降幅=-15.0%,87.00744312315578,-0.4206,False
RegionB|BatchInference,qrf_quantile,task,63.34557736309771,拒绝:cov增益=-0.007(<基线std=0.034) 或宽度失控(42>48) 或pinball恶化(-0.8%<-2%) pinball降幅=-0.8%,80.53709743509478,-0.315,False
RegionB|BatchInference,lgbm_quantile,task,64.35671573626551,拒绝:cov增益=-0.128(<基线std=0.034) 或宽度失控(36>48) 或pinball恶化(-7.4%<-2%) pinball降幅=-7.4%,80.09233471590895,-0.3077,False
RegionB|BatchInference,gbm_quantile,task,61.91546992697802,拒绝:cov增益=-0.029(<基线std=0.034) 或宽度失控(40>48) 或pinball恶化(-3.7%<-2%) pinball降幅=-3.7%,79.33441743001863,-0.2953,False
RegionB|BatchInference,deep_lstm,task,60.450570777225565,拒绝:cov增益=-0.022(<基线std=0.034) 或宽度失控(43>48) 或pinball恶化(-3.3%<-2%) pinball降幅=-3.3%,75.92671875307333,-0.2397,False
RegionB|BatchInference,deep_tcn,task,60.412385368732906,拒绝:cov增益=-0.029(<基线std=0.034) 或宽度失控(43>48) 或pinball恶化(-3.3%<-2%) pinball降幅=-3.3%,74.96311973938093,-0.224,False
RegionB|BatchInference,tabpfn,task,63.02919594392877,拒绝:cov增益=-0.181(<基线std=0.034) 或宽度失控(45>48) 或pinball恶化(-2.5%<-2%) pinball降幅=-2.5%,77.52463045149062,-0.2658,False
RegionB|AITraining,lgbm_point,task,114.07899825755143,拒绝:cov增益=-0.164(<基线std=0.012) 或宽度失控(17>20) 或pinball恶化(-15.7%<-2%) pinball降幅=-15.7%,119.09957217427673,-0.2635,False
RegionB|AITraining,xgboost_point,task,116.70418746750772,拒绝:cov增益=-0.178(<基线std=0.012) 或宽度失控(17>20) 或pinball恶化(-19.6%<-2%) pinball降幅=-19.6%,131.21744083838956,-0.3921,False
RegionB|AITraining,qrf_quantile,task,102.29942998031422,拒绝:cov增益=-0.024(<基线std=0.012) 或宽度失控(18>20) 或pinball恶化(-1.8%<-2%) pinball降幅=-1.8%,133.02668883964532,-0.4113,False
RegionB|AITraining,lgbm_quantile,task,95.64411499866289,拒绝:cov增益=-0.210(<基线std=0.012) 或宽度失控(15>20) 或pinball恶化(-7.7%<-2%) pinball降幅=-7.7%,124.79476753152778,-0.3239,False
RegionB|AITraining,gbm_quantile,task,93.40086176078516,拒绝:cov增益=-0.029(<基线std=0.012) 或宽度失控(18>20) 或pinball恶化(-5.0%<-2%) pinball降幅=-5.0%,113.82799582968018,-0.2076,False
RegionB|AITraining,deep_lstm,task,92.93209484538843,拒绝:cov增益=-0.112(<基线std=0.012) 或宽度失控(17>20) 或pinball恶化(-1.4%<-2%) pinball降幅=-1.4%,130.72815878672228,-0.3869,False
RegionB|AITraining,deep_tcn,task,93.9641310166206,拒绝:cov增益=-0.108(<基线std=0.012) 或宽度失控(17>20) 或pinball恶化(-1.5%<-2%) pinball降幅=-1.5%,127.47097865629658,-0.3523,False
RegionB|AITraining,tabpfn,task,100.52917659304914,拒绝:cov增益=-0.118(<基线std=0.012) 或宽度失控(19>20) 或pinball恶化(-2.9%<-2%) pinball降幅=-2.9%,127.958172166397,-0.3575,False
RegionC|RealTimeInference,lgbm_point,task,65.1841490664148,拒绝:cov增益=-0.068(<基线std=0.019) 或宽度失控(119>117) 或pinball恶化(-42.2%<-2%) pinball降幅=-42.2%,66.4578092404979,-0.0836,False
RegionC|RealTimeInference,xgboost_point,task,64.84313365777892,拒绝:cov增益=-0.096(<基线std=0.019) 或宽度失控(119>117) 或pinball恶化(-49.9%<-2%) pinball降幅=-49.9%,70.59154860541238,-0.1511,False
RegionC|RealTimeInference,qrf_quantile,task,61.10300281625446,拒绝:cov增益=-0.004(<基线std=0.019) 或宽度失控(103>117) 或pinball恶化(-0.5%<-2%) pinball降幅=-0.5%,58.38468706662619,0.048,False
RegionC|RealTimeInference,lgbm_quantile,task,96.97272849014192,拒绝:cov增益=-0.047(<基线std=0.019) 或宽度失控(81>117) 或pinball恶化(-6.7%<-2%) pinball降幅=-6.7%,91.44637965995753,-0.4911,False
RegionC|RealTimeInference,gbm_quantile,task,100.0,拒绝:cov增益=-0.019(<基线std=0.019) 或宽度失控(95>117) 或pinball恶化(-2.0%<-2%) pinball降幅=-2.0%,100.0,-0.6306,False
RegionC|RealTimeInference,deep_lstm,task,61.53522296444313,拒绝:cov增益=-0.041(<基线std=0.019) 或宽度失控(119>117) 或pinball恶化(-36.7%<-2%) pinball降幅=-36.7%,55.67474605928469,0.0922,True
RegionC|RealTimeInference,deep_tcn,task,61.44703819648505,拒绝:cov增益=-0.042(<基线std=0.019) 或宽度失控(119>117) 或pinball恶化(-36.6%<-2%) pinball降幅=-36.6%,57.54899922898481,0.0616,True
RegionC|RealTimeInference,tabpfn,task,62.46115938378813,拒绝:cov增益=+0.021(<基线std=0.019) 或宽度失控(116>117) 或pinball恶化(-4.2%<-2%) pinball降幅=-4.2%,50.930646209958155,0.1695,True
RegionC|BatchInference,lgbm_point,task,62.07990892384901,拒绝:cov增益=-0.101(<基线std=0.010) 或宽度失控(39>43) 或pinball恶化(-13.0%<-2%) pinball降幅=-13.0%,41.81072647613988,0.2125,True
RegionC|BatchInference,xgboost_point,task,62.26978192208041,拒绝:cov增益=-0.092(<基线std=0.010) 或宽度失控(39>43) 或pinball恶化(-13.0%<-2%) pinball降幅=-13.0%,37.29763816562206,0.2975,True
RegionC|BatchInference,qrf_quantile,task,54.69268117690437,拒绝:cov增益=+0.001(<基线std=0.010) 或宽度失控(37>43) 或pinball恶化(-0.8%<-2%) pinball降幅=-0.8%,35.804832334735146,0.3256,True
RegionC|BatchInference,lgbm_quantile,task,57.81125068723759,拒绝:cov增益=-0.103(<基线std=0.010) 或宽度失控(31>43) 或pinball恶化(-5.5%<-2%) pinball降幅=-5.5%,43.83473316954672,0.1744,True
RegionC|BatchInference,gbm_quantile,task,55.15855732122462,拒绝:cov增益=-0.028(<基线std=0.010) 或宽度失控(35>43) 或pinball恶化(-2.1%<-2%) pinball降幅=-2.1%,42.48142186404223,0.1999,True
RegionC|BatchInference,deep_lstm,task,53.079121692906725,拒绝:cov增益=-0.026(<基线std=0.010) 或宽度失控(39>43) 或pinball恶化(-5.2%<-2%) pinball降幅=-5.2%,39.37534571067996,0.2584,True
RegionC|BatchInference,deep_tcn,task,52.82271085249742,拒绝:cov增益=-0.030(<基线std=0.010) 或宽度失控(39>43) 或pinball恶化(-5.4%<-2%) pinball降幅=-5.4%,37.28431364756409,0.2978,True
RegionC|BatchInference,tabpfn,task,54.05930381777141,拒绝:cov增益=+0.000(<基线std=0.010) 或宽度失控(39>43) 或pinball恶化(-1.7%<-2%) pinball降幅=-1.7%,39.05958429640407,0.2643,True
RegionC|AITraining,lgbm_point,task,80.26932031188889,拒绝:cov增益=-0.106(<基线std=0.013) 或宽度失控(15>17) 或pinball恶化(-8.2%<-2%) pinball降幅=-8.2%,65.40538792750742,0.1525,True
RegionC|AITraining,xgboost_point,task,81.23772395301562,拒绝:cov增益=-0.110(<基线std=0.013) 或宽度失控(15>17) 或pinball恶化(-9.1%<-2%) pinball降幅=-9.1%,60.14148009905863,0.2207,True
RegionC|AITraining,qrf_quantile,task,75.77540531006032,拒绝:cov增益=-0.010(<基线std=0.013) 或宽度失控(14>17) 或pinball恶化(-0.0%<-2%) pinball降幅=-0.0%,58.70656795374649,0.2393,True
RegionC|AITraining,lgbm_quantile,task,71.72860656508725,拒绝:cov增益=-0.251(<基线std=0.013) 或宽度失控(12>17) 或pinball恶化(-6.1%<-2%) pinball降幅=-6.1%,53.52710218423032,0.3064,True
RegionC|AITraining,gbm_quantile,task,70.17438921150293,拒绝:cov增益=-0.041(<基线std=0.013) 或宽度失控(14>17) 或pinball恶化(-1.8%<-2%) pinball降幅=-1.8%,51.536711505664016,0.3322,True
RegionC|AITraining,deep_lstm,task,78.25390615665363,拒绝:cov增益=-0.019(<基线std=0.013) 或宽度失控(15>17) 或pinball恶化(-1.4%<-2%) pinball降幅=-1.4%,57.57842194382532,0.2539,True
RegionC|AITraining,deep_tcn,task,76.91132379165597,拒绝:cov增益=-0.031(<基线std=0.013) 或宽度失控(15>17) 或pinball恶化(-1.8%<-2%) pinball降幅=-1.8%,59.995554072561816,0.2226,True
RegionC|AITraining,tabpfn,task,77.70137818365579,拒绝:cov增益=-0.139(<基线std=0.013) 或宽度失控(16>17) 或pinball恶化(-0.8%<-2%) pinball降幅=-0.8%,60.41729468023339,0.2171,True
RegionD|RealTimeInference,lgbm_point,task,93.99446375736504,拒绝:cov增益=-0.102(<基线std=0.050) 或宽度失控(321>380) 或pinball恶化(-10.6%<-2%) pinball降幅=-10.6%,106.30174406334858,-0.2437,False
RegionD|RealTimeInference,xgboost_point,task,92.74406107984038,拒绝:cov增益=-0.097(<基线std=0.050) 或宽度失控(321>380) 或pinball恶化(-9.1%<-2%) pinball降幅=-9.1%,99.50755593532661,-0.1642,False
RegionD|RealTimeInference,qrf_quantile,task,87.45234612257093,拒绝:cov增益=-0.022(<基线std=0.050) 或宽度失控(326>380) 或pinball恶化(-0.6%<-2%) pinball降幅=-0.6%,93.69179869259963,-0.0962,False
RegionD|RealTimeInference,lgbm_quantile,task,82.1604831365483,拒绝:cov增益=-0.198(<基线std=0.050) 或宽度失控(263>380) 或pinball恶化(-6.6%<-2%) pinball降幅=-6.6%,75.29556170267306,0.1191,True
RegionD|RealTimeInference,gbm_quantile,task,78.74436366655607,拒绝:cov增益=-0.073(<基线std=0.050) 或宽度失控(312>380) 或pinball恶化(-3.5%<-2%) pinball降幅=-3.5%,72.74777414503804,0.1489,True
RegionD|RealTimeInference,deep_lstm,task,86.76240946770291,拒绝:cov增益=-0.076(<基线std=0.050) 或宽度失控(324>380) 或pinball恶化(-0.7%<-2%) pinball降幅=-0.7%,97.98329643719556,-0.1464,False
RegionD|RealTimeInference,deep_tcn,task,84.63171752397928,拒绝:cov增益=-0.055(<基线std=0.050) 或宽度失控(324>380) 或pinball恶化(-0.5%<-2%) pinball降幅=-0.5%,99.90339333670607,-0.1688,False
RegionD|RealTimeInference,tabpfn,task,90.4813565461096,拒绝:cov增益=-0.062(<基线std=0.050) 或宽度失控(355>380) 或pinball恶化(-1.8%<-2%) pinball降幅=-1.8%,105.09562092000691,-0.2296,False
RegionD|BatchInference,lgbm_point,task,73.39493981265773,拒绝:cov增益=-0.108(<基线std=0.006) 或宽度失控(46>50) 或pinball恶化(-13.3%<-2%) pinball降幅=-13.3%,46.839894096998634,0.2427,True
RegionD|BatchInference,xgboost_point,task,72.57270191681296,拒绝:cov增益=-0.095(<基线std=0.006) 或宽度失控(46>50) 或pinball恶化(-12.6%<-2%) pinball降幅=-12.6%,49.590280903007084,0.1982,True
RegionD|BatchInference,qrf_quantile,task,64.28000835379456,拒绝:cov增益=+0.000(<基线std=0.006) 或宽度失控(43>50) 或pinball恶化(-0.9%<-2%) pinball降幅=-0.9%,47.39053688335103,0.2338,True
RegionD|BatchInference,lgbm_quantile,task,62.84964438236744,拒绝:cov增益=-0.122(<基线std=0.006) 或宽度失控(39>50) 或pinball恶化(-5.5%<-2%) pinball降幅=-5.5%,47.19851005666098,0.2369,True
RegionD|BatchInference,gbm_quantile,task,61.70529762540568,拒绝:cov增益=-0.012(<基线std=0.006) 或宽度失控(43>50) 或pinball恶化(-2.8%<-2%) pinball降幅=-2.8%,48.7977632175463,0.2111,True
RegionD|BatchInference,deep_lstm,task,61.7719872392678,拒绝:cov增益=-0.013(<基线std=0.006) 或宽度失控(46>50) 或pinball恶化(-3.6%<-2%) pinball降幅=-3.6%,50.220406211874376,0.1881,True
RegionD|BatchInference,deep_tcn,task,60.860319935725,拒绝:cov增益=-0.016(<基线std=0.006) 或宽度失控(46>50) 或pinball恶化(-4.0%<-2%) pinball降幅=-4.0%,48.334576229500584,0.2185,True
RegionD|BatchInference,tabpfn,task,63.63947354309994,拒绝:cov增益=-0.154(<基线std=0.006) 或宽度失控(48>50) 或pinball恶化(-1.9%<-2%) pinball降幅=-1.9%,49.24074858635451,0.2039,True
RegionD|AITraining,lgbm_point,task,72.80982992417891,拒绝:cov增益=-0.051(<基线std=0.018) 或宽度失控(5>5) 或pinball恶化(-52.6%<-2%) pinball降幅=-52.6%,73.20882341012694,-0.0453,False
RegionD|AITraining,xgboost_point,task,73.5834407927517,拒绝:cov增益=-0.086(<基线std=0.018) 或宽度失控(5>5) 或pinball恶化(-61.2%<-2%) pinball降幅=-61.2%,79.02591553708864,-0.1283,False
RegionD|AITraining,qrf_quantile,task,68.63419417601355,拒绝:cov增益=+0.015(<基线std=0.018) 或宽度失控(4>5) 或pinball恶化(-1.4%<-2%) pinball降幅=-1.4%,75.6759503986174,-0.0805,False
RegionD|AITraining,lgbm_quantile,task,99.1922853789713,拒绝:cov增益=-0.040(<基线std=0.018) 或宽度失控(3>5) 或pinball恶化(-4.0%<-2%) pinball降幅=-4.0%,100.0,-0.4278,False
RegionD|AITraining,gbm_quantile,task,100.0,拒绝:cov增益=-0.015(<基线std=0.018) 或宽度失控(4>5) 或pinball恶化(-2.7%<-2%) pinball降幅=-2.7%,100.0,-0.4278,False
RegionD|AITraining,deep_lstm,task,70.17934491156868,拒绝:cov增益=-0.019(<基线std=0.018) 或宽度失控(5>5) 或pinball恶化(-42.9%<-2%) pinball降幅=-42.9%,80.07462916593363,-0.1433,False
RegionD|AITraining,deep_tcn,task,71.44783648569788,拒绝:cov增益=-0.020(<基线std=0.018) 或宽度失控(5>5) 或pinball恶化(-42.3%<-2%) pinball降幅=-42.3%,79.36624100497382,-0.1332,False
RegionD|AITraining,tabpfn,task,70.70249356651902,拒绝:cov增益=+0.008(<基线std=0.018) 或宽度失控(5>5) 或pinball恶化(-5.7%<-2%) pinball降幅=-5.7%,81.59526061444056,-0.165,False
RegionE|RealTimeInference,lgbm_point,task,77.03830898564993,拒绝:cov增益=-0.110(<基线std=0.023) 或宽度失控(252>289) 或pinball恶化(-10.4%<-2%) pinball降幅=-10.4%,38.61369006105064,0.4648,True
RegionE|RealTimeInference,xgboost_point,task,77.95641482387295,拒绝:cov增益=-0.112(<基线std=0.023) 或宽度失控(252>289) 或pinball恶化(-10.6%<-2%) pinball降幅=-10.6%,43.234091311521524,0.4008,True
RegionE|RealTimeInference,qrf_quantile,task,72.04689637633207,拒绝:cov增益=+0.001(<基线std=0.023) 或宽度失控(254>289) 或pinball恶化(-0.2%<-2%) pinball降幅=-0.2%,38.31921621568319,0.4689,True
RegionE|RealTimeInference,lgbm_quantile,task,67.78784375206803,拒绝:cov增益=-0.175(<基线std=0.023) 或宽度失控(211>289) 或pinball恶化(-5.9%<-2%) pinball降幅=-5.9%,41.48410694310448,0.425,True
RegionE|RealTimeInference,gbm_quantile,task,66.6736643238643,拒绝:cov增益=-0.049(<基线std=0.023) 或宽度失控(236>289) 或pinball恶化(-2.8%<-2%) pinball降幅=-2.8%,40.534709539535555,0.4382,True
RegionE|RealTimeInference,deep_lstm,task,72.35994021071909,拒绝:cov增益=-0.010(<基线std=0.023) 或宽度失控(252>289) 或pinball恶化(-1.4%<-2%) pinball降幅=-1.4%,38.16639684174566,0.471,True
RegionE|RealTimeInference,deep_tcn,task,72.31636688420141,拒绝:cov增益=-0.031(<基线std=0.023) 或宽度失控(252>289) 或pinball恶化(-1.6%<-2%) pinball降幅=-1.6%,38.15949743628284,0.4711,True
RegionE|RealTimeInference,tabpfn,task,74.99445069545965,拒绝:cov增益=-0.139(<基线std=0.023) 或宽度失控(276>289) 或pinball恶化(-1.6%<-2%) pinball降幅=-1.6%,38.41729201096176,0.4675,True
RegionE|BatchInference,lgbm_point,task,59.62854470733919,拒绝:cov增益=-0.102(<基线std=0.011) 或宽度失控(34>37) 或pinball恶化(-10.8%<-2%) pinball降幅=-10.8%,60.40193821369017,-0.1739,False
RegionE|BatchInference,xgboost_point,task,57.28068889485591,拒绝:cov增益=-0.084(<基线std=0.011) 或宽度失控(34>37) 或pinball恶化(-10.0%<-2%) pinball降幅=-10.0%,55.788922287533495,-0.0843,False
RegionE|BatchInference,qrf_quantile,task,52.92178504034263,拒绝:cov增益=-0.004(<基线std=0.011) 或宽度失控(32>37) 或pinball恶化(0.0%<-2%) pinball降幅=0.0%,51.73237337829655,-0.0055,False
RegionE|BatchInference,lgbm_quantile,task,57.57567563853512,拒绝:cov增益=-0.078(<基线std=0.011) 或宽度失控(27>37) 或pinball恶化(-3.9%<-2%) pinball降幅=-3.9%,67.23639038862154,-0.3068,False
RegionE|BatchInference,gbm_quantile,task,55.92367310853727,拒绝:cov增益=-0.031(<基线std=0.011) 或宽度失控(29>37) 或pinball恶化(-1.3%<-2%) pinball降幅=-1.3%,66.5819607065173,-0.2941,False
RegionE|BatchInference,deep_lstm,task,51.43408943758344,拒绝:cov增益=-0.028(<基线std=0.011) 或宽度失控(34>37) 或pinball恶化(-6.5%<-2%) pinball降幅=-6.5%,47.40643345000402,0.0786,True
RegionE|BatchInference,deep_tcn,task,51.88716980137944,拒绝:cov增益=-0.030(<基线std=0.011) 或宽度失控(34>37) 或pinball恶化(-6.8%<-2%) pinball降幅=-6.8%,47.90779905811805,0.0689,True
RegionE|BatchInference,tabpfn,task,52.347984660426825,拒绝:cov增益=+0.001(<基线std=0.011) 或宽度失控(34>37) 或pinball恶化(-1.2%<-2%) pinball降幅=-1.2%,48.85740093757357,0.0504,True
RegionE|AITraining,lgbm_point,task,74.348685952639,拒绝:cov增益=-0.065(<基线std=0.011) 或宽度失控(6>6) 或pinball恶化(-41.2%<-2%) pinball降幅=-41.2%,73.50468097528322,-0.069,False
RegionE|AITraining,xgboost_point,task,72.65871412323686,拒绝:cov增益=-0.071(<基线std=0.011) 或宽度失控(6>6) 或pinball恶化(-41.5%<-2%) pinball降幅=-41.5%,76.37588134833744,-0.1108,False
RegionE|AITraining,qrf_quantile,task,70.35693825911721,拒绝:cov增益=-0.013(<基线std=0.011) 或宽度失控(5>6) 或pinball恶化(-1.7%<-2%) pinball降幅=-1.7%,73.46187173193918,-0.0684,False
RegionE|AITraining,lgbm_quantile,task,99.12521011460696,拒绝:cov增益=-0.090(<基线std=0.011) 或宽度失控(3>6) 或pinball恶化(-8.0%<-2%) pinball降幅=-8.0%,100.0,-0.4544,False
RegionE|AITraining,gbm_quantile,task,100.0,拒绝:cov增益=-0.058(<基线std=0.011) 或宽度失控(4>6) 或pinball恶化(-4.8%<-2%) pinball降幅=-4.8%,100.0,-0.4544,False
RegionE|AITraining,deep_lstm,task,68.14900354417993,拒绝:cov增益=-0.046(<基线std=0.011) 或宽度失控(6>6) 或pinball恶化(-39.3%<-2%) pinball降幅=-39.3%,72.97637938356927,-0.0613,False
RegionE|AITraining,deep_tcn,task,68.61091295011721,拒绝:cov增益=-0.053(<基线std=0.011) 或宽度失控(6>6) 或pinball恶化(-38.7%<-2%) pinball降幅=-38.7%,71.6172558408052,-0.0416,False
RegionE|AITraining,tabpfn,task,70.8224725525072,拒绝:cov增益=-0.006(<基线std=0.011) 或宽度失控(5>6) 或pinball恶化(-2.7%<-2%) pinball降幅=-2.7%,73.95720618111746,-0.0756,False
RegionF|RealTimeInference,lgbm_point,task,85.75496861334064,拒绝:cov增益=-0.121(<基线std=0.013) 或宽度失控(269>310) 或pinball恶化(-11.8%<-2%) pinball降幅=-11.8%,53.38888228243047,0.2938,True
RegionF|RealTimeInference,xgboost_point,task,86.22457556018935,拒绝:cov增益=-0.114(<基线std=0.013) 或宽度失控(269>310) 或pinball恶化(-12.0%<-2%) pinball降幅=-12.0%,51.27169631532512,0.3218,True
RegionF|RealTimeInference,qrf_quantile,task,79.10564026515053,拒绝:cov增益=+0.008(<基线std=0.013) 或宽度失控(273>310) 或pinball恶化(-0.7%<-2%) pinball降幅=-0.7%,49.622666586007824,0.3436,True
RegionF|RealTimeInference,lgbm_quantile,task,71.16678331794893,拒绝:cov增益=-0.240(<基线std=0.013) 或宽度失控(222>310) 或pinball恶化(-7.5%<-2%) pinball降幅=-7.5%,54.95925799357647,0.273,True
RegionF|RealTimeInference,gbm_quantile,task,69.00244862800717,拒绝:cov增益=-0.023(<基线std=0.013) 或宽度失控(261>310) 或pinball恶化(-2.1%<-2%) pinball降幅=-2.1%,49.868166888937196,0.3404,True
RegionF|RealTimeInference,deep_lstm,task,74.3844967738873,拒绝:cov增益=-0.018(<基线std=0.013) 或宽度失控(268>310) 或pinball恶化(-2.6%<-2%) pinball降幅=-2.6%,49.049683392886934,0.3512,True
RegionF|RealTimeInference,deep_tcn,task,74.94459036861717,拒绝:cov增益=-0.025(<基线std=0.013) 或宽度失控(268>310) 或pinball恶化(-2.6%<-2%) pinball降幅=-2.6%,51.17814110824928,0.323,True
RegionF|RealTimeInference,tabpfn,task,78.97001184316001,拒绝:cov增益=-0.147(<基线std=0.013) 或宽度失控(286>310) 或pinball恶化(-2.2%<-2%) pinball降幅=-2.2%,48.959620736452294,0.3524,True
RegionF|BatchInference,lgbm_point,task,60.80995148233698,拒绝:cov增益=-0.086(<基线std=0.021) 或宽度失控(34>34) 或pinball恶化(-14.6%<-2%) pinball降幅=-14.6%,54.984921141518626,-0.0793,False
RegionF|BatchInference,xgboost_point,task,58.1704634804202,拒绝:cov增益=-0.079(<基线std=0.021) 或宽度失控(34>34) 或pinball恶化(-14.3%<-2%) pinball降幅=-14.3%,49.124867277925894,0.0357,False
RegionF|BatchInference,qrf_quantile,task,52.16905091967696,拒绝:cov增益=-0.005(<基线std=0.021) 或宽度失控(29>34) 或pinball恶化(-1.1%<-2%) pinball降幅=-1.1%,41.70054988903568,0.1815,True
RegionF|BatchInference,lgbm_quantile,task,61.81117216299301,拒绝:cov增益=-0.069(<基线std=0.021) 或宽度失控(24>34) 或pinball恶化(-5.2%<-2%) pinball降幅=-5.2%,66.94984916159693,-0.3141,False
RegionF|BatchInference,gbm_quantile,task,59.89983363949212,拒绝:cov增益=-0.047(<基线std=0.021) 或宽度失控(26>34) 或pinball恶化(-3.1%<-2%) pinball降幅=-3.1%,60.779740128047955,-0.193,False
RegionF|BatchInference,deep_lstm,task,50.978799980275845,拒绝:cov增益=-0.015(<基线std=0.021) 或宽度失控(34>34) 或pinball恶化(-7.6%<-2%) pinball降幅=-7.6%,37.55502227115397,0.2628,True
RegionF|BatchInference,deep_tcn,task,51.12282359512318,拒绝:cov增益=-0.016(<基线std=0.021) 或宽度失控(34>34) 或pinball恶化(-7.7%<-2%) pinball降幅=-7.7%,38.05939829310151,0.2529,True
RegionF|BatchInference,tabpfn,task,51.97682263421402,拒绝:cov增益=-0.005(<基线std=0.021) 或宽度失控(31>34) 或pinball恶化(-3.4%<-2%) pinball降幅=-3.4%,41.9624885467298,0.1763,True
RegionF|AITraining,lgbm_point,task,70.80715930200766,拒绝:cov增益=-0.054(<基线std=0.018) 或宽度失控(5>5) 或pinball恶化(-56.1%<-2%) pinball降幅=-56.1%,52.79408626095902,0.2274,True
RegionF|AITraining,xgboost_point,task,69.47946517245143,拒绝:cov增益=-0.058(<基线std=0.018) 或宽度失控(5>5) 或pinball恶化(-56.4%<-2%) pinball降幅=-56.4%,40.385101002360145,0.409,True
RegionF|AITraining,qrf_quantile,task,68.59691674293822,拒绝:cov增益=+0.001(<基线std=0.018) 或宽度失控(4>5) 或pinball恶化(-0.8%<-2%) pinball降幅=-0.8%,42.08684901942441,0.3841,True
RegionF|AITraining,lgbm_quantile,task,99.781309103172,拒绝:cov增益=-0.036(<基线std=0.018) 或宽度失控(3>5) 或pinball恶化(-2.7%<-2%) pinball降幅=-2.7%,100.0,-0.4634,False
RegionF|AITraining,gbm_quantile,task,100.0,拒绝:cov增益=-0.022(<基线std=0.018) 或宽度失控(4>5) 或pinball恶化(-0.3%<-2%) pinball降幅=-0.3%,100.0,-0.4634,False
RegionF|AITraining,deep_lstm,task,69.3090309006362,拒绝:cov增益=-0.033(<基线std=0.018) 或宽度失控(5>5) 或pinball恶化(-46.0%<-2%) pinball降幅=-46.0%,49.63785672904417,0.2736,True
RegionF|AITraining,deep_tcn,task,69.08519444759084,拒绝:cov增益=-0.034(<基线std=0.018) 或宽度失控(5>5) 或pinball恶化(-45.8%<-2%) pinball降幅=-45.8%,53.719122221918184,0.2139,True
RegionF|AITraining,tabpfn,task,70.72764697773675,拒绝:cov增益=-0.006(<基线std=0.018) 或宽度失控(5>5) 或pinball恶化(-5.2%<-2%) pinball降幅=-5.2%,59.748309070155734,0.1256,True
energy|RegionA|renewable,lgbm_point,energy,0.1807436178832824,拒绝:MAPE降幅=-18074361788.3%(<5%),0.1109111293124795,-186761313225944.7,False
energy|RegionA|renewable,xgboost_point,energy,0.0468888784698581,拒绝:MAPE降幅=-4688887847.0%(<5%),0.02120908050784997,-35713600181646.234,False
energy|RegionA|renewable,qrf_quantile,energy,0.6323060348319552,拒绝:MAPE降幅=-63230603483.2%(<5%),0.3063883653957692,-515922016421360.1,False
energy|RegionA|renewable,lgbm_quantile,energy,0.1185459272759196,拒绝:MAPE降幅=-11854592727.6%(<5%),0.11359449509406887,-191279785991858.62,False
energy|RegionA|renewable,gbm_quantile,energy,0.2177312169667043,拒绝:MAPE降幅=-21773121696.7%(<5%),0.22632109413500665,-381098136980476.1,False
energy|RegionA|renewable,deep_lstm,energy,0.2241972827202212,拒绝:MAPE降幅=-22419728272.0%(<5%),0.03765724663163556,-63410379796810.32,False
energy|RegionA|renewable,deep_tcn,energy,0.2846333650981997,拒绝:MAPE降幅=-28463336509.8%(<5%),0.10033968113028129,-168960236296641.22,False
energy|RegionA|renewable,tabpfn,energy,0.1564366648745059,拒绝:MAPE降幅=-15643666487.5%(<5%),0.14371050118415402,-241991602573028.6,False
energy|RegionB|renewable,lgbm_point,energy,0.1807436178832824,拒绝:MAPE降幅=-18074361788.3%(<5%),0.1109111293124795,-186761313225944.7,False
energy|RegionB|renewable,xgboost_point,energy,0.0468888784698581,拒绝:MAPE降幅=-4688887847.0%(<5%),0.02120908050784997,-35713600181646.234,False
energy|RegionB|renewable,qrf_quantile,energy,0.6124144332162695,拒绝:MAPE降幅=-61241443321.6%(<5%),0.28254418838675893,-475771223271933.6,False
energy|RegionB|renewable,lgbm_quantile,energy,0.1185459272759196,拒绝:MAPE降幅=-11854592727.6%(<5%),0.11359449509406887,-191279785991858.62,False
energy|RegionB|renewable,gbm_quantile,energy,0.2076133693883053,拒绝:MAPE降幅=-20761336938.8%(<5%),0.22632109413500665,-381098136980476.1,False
energy|RegionB|renewable,deep_lstm,energy,0.2284045061420911,拒绝:MAPE降幅=-22840450614.2%(<5%),0.035238557927659224,-59337592138443.6,False
energy|RegionB|renewable,deep_tcn,energy,0.2933022779077751,拒绝:MAPE降幅=-29330227790.8%(<5%),0.06991514024675102,-117728883366351.97,False
energy|RegionB|renewable,tabpfn,energy,0.1564366648745059,拒绝:MAPE降幅=-15643666487.5%(<5%),0.14371050118415402,-241991602573028.6,False
energy|RegionC|renewable,lgbm_point,energy,0.1807436178832824,拒绝:MAPE降幅=-18074361788.3%(<5%),0.1109111293124795,-186761313225944.7,False
energy|RegionC|renewable,xgboost_point,energy,0.0468888784698581,拒绝:MAPE降幅=-4688887847.0%(<5%),0.02120908050784997,-35713600181646.234,False
energy|RegionC|renewable,qrf_quantile,energy,0.6472991626670764,拒绝:MAPE降幅=-64729916266.7%(<5%),0.3304338307947838,-556411755574558.94,False
energy|RegionC|renewable,lgbm_quantile,energy,0.1185459272759196,拒绝:MAPE降幅=-11854592727.6%(<5%),0.11359449509406887,-191279785991858.62,False
energy|RegionC|renewable,gbm_quantile,energy,0.2172756642112128,拒绝:MAPE降幅=-21727566421.1%(<5%),0.22632109413500665,-381098136980476.1,False
energy|RegionC|renewable,deep_lstm,energy,0.1684090960606614,拒绝:MAPE降幅=-16840909606.1%(<5%),0.07380247328171259,-124274695559018.33,False
energy|RegionC|renewable,deep_tcn,energy,0.1689849456239479,拒绝:MAPE降幅=-16898494562.4%(<5%),0.06610005324172145,-111304725001476.39,False
energy|RegionC|renewable,tabpfn,energy,0.1564366648745059,拒绝:MAPE降幅=-15643666487.5%(<5%),0.14371050118415402,-241991602573028.6,False
energy|RegionD|renewable,lgbm_point,energy,0.1807436178832824,拒绝:MAPE降幅=-18074361788.3%(<5%),0.1109111293124795,-186761313225944.7,False
energy|RegionD|renewable,xgboost_point,energy,0.0468888784698581,拒绝:MAPE降幅=-4688887847.0%(<5%),0.02120908050784997,-35713600181646.234,False
energy|RegionD|renewable,qrf_quantile,energy,0.5938000952876085,拒绝:MAPE降幅=-59380009528.8%(<5%),0.34491274245122344,-580792541991588.6,False
energy|RegionD|renewable,lgbm_quantile,energy,0.1185459272759196,拒绝:MAPE降幅=-11854592727.6%(<5%),0.11359449509406887,-191279785991858.62,False
energy|RegionD|renewable,gbm_quantile,energy,0.2446847449878635,拒绝:MAPE降幅=-24468474498.8%(<5%),0.22632109413500665,-381098136980476.1,False
energy|RegionD|renewable,deep_lstm,energy,0.2691655435870011,拒绝:MAPE降幅=-26916554358.7%(<5%),0.06119504435629173,-103045266221222.9,False
energy|RegionD|renewable,deep_tcn,energy,0.2801840383237672,拒绝:MAPE降幅=-28018403832.4%(<5%),0.08200582144964358,-138088170240860.39,False
energy|RegionD|renewable,tabpfn,energy,0.1564366648745059,拒绝:MAPE降幅=-15643666487.5%(<5%),0.14371050118415402,-241991602573028.6,False
energy|RegionE|renewable,lgbm_point,energy,0.1807436178832824,拒绝:MAPE降幅=-18074361788.3%(<5%),0.1109111293124795,-186761313225944.7,False
energy|RegionE|renewable,xgboost_point,energy,0.0468888784698581,拒绝:MAPE降幅=-4688887847.0%(<5%),0.02120908050784997,-35713600181646.234,False
energy|RegionE|renewable,qrf_quantile,energy,0.6039134359384188,拒绝:MAPE降幅=-60391343593.8%(<5%),0.29726032779713435,-500551473359862.0,False
energy|RegionE|renewable,lgbm_quantile,energy,0.1185459272759196,拒绝:MAPE降幅=-11854592727.6%(<5%),0.11359449509406887,-191279785991858.62,False
energy|RegionE|renewable,gbm_quantile,energy,0.2189101031463078,拒绝:MAPE降幅=-21891010314.6%(<5%),0.22632109413500665,-381098136980476.1,False
energy|RegionE|renewable,deep_lstm,energy,0.2298638386695871,拒绝:MAPE降幅=-22986383867.0%(<5%),0.05855139619003465,-98593673253969.78,False
energy|RegionE|renewable,deep_tcn,energy,0.2307146266566023,拒绝:MAPE降幅=-23071462665.7%(<5%),0.09069064659203521,-152712395589436.56,False
energy|RegionE|renewable,tabpfn,energy,0.1564366648745059,拒绝:MAPE降幅=-15643666487.5%(<5%),0.14371050118415402,-241991602573028.6,False
energy|RegionF|renewable,lgbm_point,energy,0.1807436178832824,拒绝:MAPE降幅=-18074361788.3%(<5%),0.11091112931248333,-186761313225951.16,False
energy|RegionF|renewable,xgboost_point,energy,0.0468888784698581,拒绝:MAPE降幅=-4688887847.0%(<5%),0.02120908050784997,-35713600181646.234,False
energy|RegionF|renewable,qrf_quantile,energy,0.6138988900881617,拒绝:MAPE降幅=-61389889008.8%(<5%),0.29159655783948746,-491014350064330.1,False
energy|RegionF|renewable,lgbm_quantile,energy,0.1185459272759196,拒绝:MAPE降幅=-11854592727.6%(<5%),0.11359449509406887,-191279785991858.62,False
energy|RegionF|renewable,gbm_quantile,energy,0.2061963792862232,拒绝:MAPE降幅=-20619637928.6%(<5%),0.22632444146035144,-381103773483152.3,False
energy|RegionF|renewable,deep_lstm,energy,0.2585466845572678,拒绝:MAPE降幅=-25854668455.7%(<5%),0.05972895352626263,-100576541482578.11,False
energy|RegionF|renewable,deep_tcn,energy,0.2612110962880746,拒绝:MAPE降幅=-26121109628.8%(<5%),0.0798040719472172,-134380682714435.44,False
energy|RegionF|renewable,tabpfn,energy,0.1564366648745059,拒绝:MAPE降幅=-15643666487.5%(<5%),0.14371050118415402,-241991602573028.6,False
energy|RegionA|price,lgbm_point,energy,0.797115546146236,通过:MAPE降幅=71.6%,0.34146112838036463,0.8784,True
energy|RegionA|price,xgboost_point,energy,0.7647251820082066,通过:MAPE降幅=72.8%,0.3814717107086416,0.8641,True
energy|RegionA|price,qrf_quantile,energy,1.1187774449967234,通过:MAPE降幅=60.1%,0.4335762844247473,0.8455,True
energy|RegionA|price,lgbm_quantile,energy,1.3976890995321374,通过:MAPE降幅=50.2%,0.7737117196182304,0.7244,True
energy|RegionA|price,gbm_quantile,energy,2.2191794873801203,通过:MAPE降幅=20.9%,0.9766296779874036,0.6521,True
energy|RegionA|price,deep_lstm,energy,4.888852749662239,拒绝:MAPE降幅=-74.2%(<5%),1.6606847616121518,0.4084,True
energy|RegionA|price,deep_tcn,energy,8.354987269043685,拒绝:MAPE降幅=-197.6%(<5%),7.99300501321481,-1.8475,False
energy|RegionA|price,tabpfn,energy,0.5265933212897999,通过:MAPE降幅=81.2%,0.545628138243941,0.8056,True
energy|RegionB|price,lgbm_point,energy,0.7881234515755511,通过:MAPE降幅=71.9%,0.3349718329733981,0.8807,True
energy|RegionB|price,xgboost_point,energy,0.7569063891366137,通过:MAPE降幅=73.0%,0.3494735445607345,0.8755,True
energy|RegionB|price,qrf_quantile,energy,1.1315702802108647,通过:MAPE降幅=59.7%,0.35634816978618383,0.873,True
energy|RegionB|price,lgbm_quantile,energy,1.5808487791588617,通过:MAPE降幅=43.7%,0.9493386696177759,0.6618,True
energy|RegionB|price,gbm_quantile,energy,1.848625408936904,通过:MAPE降幅=34.1%,0.4050618307106746,0.8557,True
energy|RegionB|price,deep_lstm,energy,4.622624760178886,拒绝:MAPE降幅=-64.7%(<5%),1.7648718205734752,0.3713,True
energy|RegionB|price,deep_tcn,energy,8.09068751843431,拒绝:MAPE降幅=-188.2%(<5%),7.90323434060006,-1.8156,False
energy|RegionB|price,tabpfn,energy,0.5285232207082421,通过:MAPE降幅=81.2%,0.5444023202521433,0.8061,True
energy|RegionC|price,lgbm_point,energy,0.8019243307611262,通过:MAPE降幅=71.4%,0.3468558128848992,0.8764,True
energy|RegionC|price,xgboost_point,energy,0.7645053404831315,通过:MAPE降幅=72.8%,0.3718781865167904,0.8675,True
energy|RegionC|price,qrf_quantile,energy,1.0601958541189755,通过:MAPE降幅=62.2%,0.42823069667238367,0.8474,True
energy|RegionC|price,lgbm_quantile,energy,1.44865881069815,通过:MAPE降幅=48.4%,0.6012463618523911,0.7858,True
energy|RegionC|price,gbm_quantile,energy,2.072336220412883,通过:MAPE降幅=26.2%,0.6327103953073138,0.7746,True
energy|RegionC|price,deep_lstm,energy,4.719481134636227,拒绝:MAPE降幅=-68.1%(<5%),1.1024432377113125,0.6073,True
energy|RegionC|price,deep_tcn,energy,8.224746462461901,拒绝:MAPE降幅=-193.0%(<5%),7.899159441575526,-1.8141,False
energy|RegionC|price,tabpfn,energy,0.5267992608978456,通过:MAPE降幅=81.2%,0.5477695390148448,0.8049,True
energy|RegionD|price,lgbm_point,energy,0.7835968990826805,通过:MAPE降幅=72.1%,0.3225833951942234,0.8851,True
energy|RegionD|price,xgboost_point,energy,0.7538399351967949,通过:MAPE降幅=73.1%,0.37179662550206755,0.8675,True
energy|RegionD|price,qrf_quantile,energy,1.0982793796057977,通过:MAPE降幅=60.9%,0.36831654716521117,0.8688,True
energy|RegionD|price,lgbm_quantile,energy,1.8066843661084,通过:MAPE降幅=35.6%,0.783233045145717,0.721,True
energy|RegionD|price,gbm_quantile,energy,2.041876173152002,通过:MAPE降幅=27.3%,0.6868358358375798,0.7553,True
energy|RegionD|price,deep_lstm,energy,4.85815856313755,拒绝:MAPE降幅=-73.1%(<5%),1.7554917673585029,0.3746,True
energy|RegionD|price,deep_tcn,energy,8.41392360369817,拒绝:MAPE降幅=-199.8%(<5%),7.897645584817943,-1.8136,False
energy|RegionD|price,tabpfn,energy,0.5271299234384197,通过:MAPE降幅=81.2%,0.5483120246998694,0.8047,True
energy|RegionE|price,lgbm_point,energy,0.7973327473490294,通过:MAPE降幅=71.6%,0.3331638523804515,0.8813,True
energy|RegionE|price,xgboost_point,energy,0.7534471628630122,通过:MAPE降幅=73.2%,0.35513019402058194,0.8735,True
energy|RegionE|price,qrf_quantile,energy,1.0927369995954104,通过:MAPE降幅=61.1%,0.3740131164151591,0.8668,True
energy|RegionE|price,lgbm_quantile,energy,1.4579789905708709,通过:MAPE降幅=48.1%,0.6266720691750899,0.7767,True
energy|RegionE|price,gbm_quantile,energy,2.1327541426922605,通过:MAPE降幅=24.0%,0.40088707078492464,0.8572,True
energy|RegionE|price,deep_lstm,energy,4.676762835785435,拒绝:MAPE降幅=-66.6%(<5%),0.7968363401553475,0.7161,True
energy|RegionE|price,deep_tcn,energy,8.099425723465178,拒绝:MAPE降幅=-188.5%(<5%),7.896534368878816,-1.8131,False
energy|RegionE|price,tabpfn,energy,0.5258960939910192,通过:MAPE降幅=81.3%,0.549047419986749,0.8044,True
energy|RegionF|price,lgbm_point,energy,0.7808841048485078,通过:MAPE降幅=72.2%,0.32675645826378835,0.8836,True
energy|RegionF|price,xgboost_point,energy,0.7605934022726412,通过:MAPE降幅=72.9%,0.34762771892058203,0.8762,True
energy|RegionF|price,qrf_quantile,energy,1.1683615258779687,通过:MAPE降幅=58.4%,0.38586695062174486,0.8625,True
energy|RegionF|price,lgbm_quantile,energy,1.5724009969045467,通过:MAPE降幅=44.0%,0.7567758249016155,0.7304,True
energy|RegionF|price,gbm_quantile,energy,2.1399373082554307,通过:MAPE降幅=23.8%,0.5420044246022154,0.8069,True
energy|RegionF|price,deep_lstm,energy,4.7630367007444,拒绝:MAPE降幅=-69.7%(<5%),0.921658401584564,0.6717,True
energy|RegionF|price,deep_tcn,energy,8.295105941485128,拒绝:MAPE降幅=-195.5%(<5%),8.071468430038296,-1.8755,False
energy|RegionF|price,tabpfn,energy,0.5262654224084649,通过:MAPE降幅=81.3%,0.5487824672883832,0.8045,True
energy|RegionA|carbon,lgbm_point,energy,0.0934363169320154,通过:MAPE降幅=95.1%,0.04978663250985861,0.9741,True
energy|RegionA|carbon,xgboost_point,energy,0.0755106784267303,通过:MAPE降幅=96.1%,0.041027778524708215,0.9787,True
energy|RegionA|carbon,qrf_quantile,energy,0.3266428563591579,通过:MAPE降幅=83.0%,0.0824403965906577,0.9572,True
energy|RegionA|carbon,lgbm_quantile,energy,0.1088936542834051,通过:MAPE降幅=94.3%,0.021099805748903445,0.989,True
energy|RegionA|carbon,gbm_quantile,energy,0.1773727616700359,通过:MAPE降幅=90.8%,0.07700571402760586,0.96,True
energy|RegionA|carbon,deep_lstm,energy,0.3169570146743369,通过:MAPE降幅=83.5%,0.06473761792195694,0.9664,True
energy|RegionA|carbon,deep_tcn,energy,0.2285646641478572,通过:MAPE降幅=88.1%,0.18646132468420537,0.9031,True
energy|RegionA|carbon,tabpfn,energy,0.0410647870331027,通过:MAPE降幅=97.9%,0.04744364603474211,0.9753,True
energy|RegionB|carbon,lgbm_point,energy,0.0952148492693499,通过:MAPE降幅=95.0%,0.053032963070050176,0.9724,True
energy|RegionB|carbon,xgboost_point,energy,0.0778803114218876,通过:MAPE降幅=96.0%,0.04580875988380943,0.9762,True
energy|RegionB|carbon,qrf_quantile,energy,0.3240347080064905,通过:MAPE降幅=83.2%,0.08448268843455742,0.9561,True
energy|RegionB|carbon,lgbm_quantile,energy,0.1170057041037059,通过:MAPE降幅=93.9%,0.046740281055420725,0.9757,True
energy|RegionB|carbon,gbm_quantile,energy,0.1892274146468567,通过:MAPE降幅=90.2%,0.0654916813357719,0.9659,True
energy|RegionB|carbon,deep_lstm,energy,0.3063893727613133,通过:MAPE降幅=84.1%,0.0669707265387942,0.9652,True
energy|RegionB|carbon,deep_tcn,energy,0.2079313289310075,通过:MAPE降幅=89.2%,0.22712765825517145,0.8819,True
energy|RegionB|carbon,tabpfn,energy,0.0411776861872561,通过:MAPE降幅=97.9%,0.04780855266613551,0.9751,True
energy|RegionC|carbon,lgbm_point,energy,0.0949822538154522,通过:MAPE降幅=95.1%,0.04759433826090795,0.9753,True
energy|RegionC|carbon,xgboost_point,energy,0.0769021171788884,通过:MAPE降幅=96.0%,0.04596203431811282,0.9761,True
energy|RegionC|carbon,qrf_quantile,energy,0.3361648540912657,通过:MAPE降幅=82.5%,0.08379222571609612,0.9565,True
energy|RegionC|carbon,lgbm_quantile,energy,0.1137109566199417,通过:MAPE降幅=94.1%,0.021972307752037634,0.9886,True
energy|RegionC|carbon,gbm_quantile,energy,0.1767230837166992,通过:MAPE降幅=90.8%,0.06745396096939017,0.965,True
energy|RegionC|carbon,deep_lstm,energy,0.3649202511916578,通过:MAPE降幅=81.0%,0.05590294458844053,0.971,True
energy|RegionC|carbon,deep_tcn,energy,0.2314877607357704,通过:MAPE降幅=88.0%,0.3347626314919066,0.8261,True
energy|RegionC|carbon,tabpfn,energy,0.0409614655312716,通过:MAPE降幅=97.9%,0.05015995947644016,0.9739,True
energy|RegionD|carbon,lgbm_point,energy,0.0939350265209449,通过:MAPE降幅=95.1%,0.05265953767692343,0.9726,True
energy|RegionD|carbon,xgboost_point,energy,0.080082649845248,通过:MAPE降幅=95.8%,0.043732090679957224,0.9773,True
energy|RegionD|carbon,qrf_quantile,energy,0.3250852504333875,通过:MAPE降幅=83.1%,0.07655271574257794,0.9602,True
energy|RegionD|carbon,lgbm_quantile,energy,0.1169975504686826,通过:MAPE降幅=93.9%,0.042178618231406555,0.9781,True
energy|RegionD|carbon,gbm_quantile,energy,0.1816595876676605,通过:MAPE降幅=90.6%,0.06180451504451916,0.9679,True
energy|RegionD|carbon,deep_lstm,energy,0.335725964945527,通过:MAPE降幅=82.6%,0.08083799642794635,0.958,True
energy|RegionD|carbon,deep_tcn,energy,0.247795937027569,通过:MAPE降幅=87.1%,0.33437477581496255,0.8262,True
energy|RegionD|carbon,tabpfn,energy,0.0407927972417824,通过:MAPE降幅=97.9%,0.04898236140338694,0.9745,True
energy|RegionE|carbon,lgbm_point,energy,0.0960312611342426,通过:MAPE降幅=95.0%,0.04711179880562207,0.9755,True
energy|RegionE|carbon,xgboost_point,energy,0.0855327044333506,通过:MAPE降幅=95.6%,0.054437163995871396,0.9717,True
energy|RegionE|carbon,qrf_quantile,energy,0.3241552228690109,通过:MAPE降幅=83.1%,0.08831743591043027,0.9541,True
energy|RegionE|carbon,lgbm_quantile,energy,0.1088829870863795,通过:MAPE降幅=94.3%,0.037219683151343,0.9806,True
energy|RegionE|carbon,gbm_quantile,energy,0.1768122679375517,通过:MAPE降幅=90.8%,0.07488072579779678,0.961,True
energy|RegionE|carbon,deep_lstm,energy,0.3011509209581514,通过:MAPE降幅=84.3%,0.08580155635521375,0.9554,True
energy|RegionE|carbon,deep_tcn,energy,0.2062071855257681,通过:MAPE降幅=89.3%,0.305416151157108,0.8411,True
energy|RegionE|carbon,tabpfn,energy,0.0407377121889549,通过:MAPE降幅=97.9%,0.04646474891135527,0.9758,True
energy|RegionF|carbon,lgbm_point,energy,0.0951425605445919,通过:MAPE降幅=95.1%,0.05122071053014347,0.9734,True
energy|RegionF|carbon,xgboost_point,energy,0.0851288684850135,通过:MAPE降幅=95.6%,0.04371867499748108,0.9773,True
energy|RegionF|carbon,qrf_quantile,energy,0.3189303526107096,通过:MAPE降幅=83.4%,0.08303625876905138,0.9568,True
energy|RegionF|carbon,lgbm_quantile,energy,0.1124784162655108,通过:MAPE降幅=94.2%,0.022686519122101734,0.9882,True
energy|RegionF|carbon,gbm_quantile,energy,0.1643680379703032,通过:MAPE降幅=91.5%,0.06745826840724332,0.9649,True
energy|RegionF|carbon,deep_lstm,energy,0.2986814550963194,通过:MAPE降幅=84.5%,0.07222275113759136,0.9625,True
energy|RegionF|carbon,deep_tcn,energy,0.213249037689405,通过:MAPE降幅=88.9%,0.2172039918631181,0.8871,True
energy|RegionF|carbon,tabpfn,energy,0.0410603181168349,通过:MAPE降幅=97.9%,0.045919535582298096,0.9761,True
energy|RegionA|nonai,lgbm_point,energy,4.475590239877414,通过:MAPE降幅=7.6%,3.4457045384441933,0.2887,True
energy|RegionA|nonai,xgboost_point,energy,4.344831823580819,通过:MAPE降幅=10.3%,3.5519432841464775,0.2667,True
energy|RegionA|nonai,qrf_quantile,energy,4.354912089360911,通过:MAPE降幅=10.1%,3.2392230495500116,0.3313,True
energy|RegionA|nonai,lgbm_quantile,energy,4.419183689763762,通过:MAPE降幅=8.8%,3.1487650268864966,0.35,True
energy|RegionA|nonai,gbm_quantile,energy,4.293640284609209,通过:MAPE降幅=11.4%,3.415708238966425,0.2949,True
energy|RegionA|nonai,deep_lstm,energy,4.696518360051078,拒绝:MAPE降幅=3.0%(<5%),4.763956492395778,0.0165,False
energy|RegionA|nonai,deep_tcn,energy,5.120578367579171,拒绝:MAPE降幅=-5.7%(<5%),7.685518374721993,-0.5866,False
energy|RegionA|nonai,tabpfn,energy,4.1082474425842825,通过:MAPE降幅=15.2%,3.688377584878899,0.2386,True
energy|RegionB|nonai,lgbm_point,energy,4.274643712420527,通过:MAPE降幅=8.4%,4.827560323625683,-0.0342,False
energy|RegionB|nonai,xgboost_point,energy,4.25426554736594,通过:MAPE降幅=8.9%,4.722615109129871,-0.0117,False
energy|RegionB|nonai,qrf_quantile,energy,4.176304912099435,通过:MAPE降幅=10.5%,4.135093213837111,0.1141,True
energy|RegionB|nonai,lgbm_quantile,energy,4.261437266438234,通过:MAPE降幅=8.7%,4.383164633265206,0.061,True
energy|RegionB|nonai,gbm_quantile,energy,4.119532129038047,通过:MAPE降幅=11.7%,4.247669613116304,0.09,True
energy|RegionB|nonai,deep_lstm,energy,4.485497464437201,拒绝:MAPE降幅=3.9%(<5%),4.331824719935861,0.072,True
energy|RegionB|nonai,deep_tcn,energy,5.045028485482886,拒绝:MAPE降幅=-8.1%(<5%),5.146053282052892,-0.1024,False
energy|RegionB|nonai,tabpfn,energy,4.008410133452523,通过:MAPE降幅=14.1%,4.219074282512275,0.0961,True
energy|RegionC|nonai,lgbm_point,energy,4.248574388781135,通过:MAPE降幅=9.3%,4.523438961306661,0.0339,False
energy|RegionC|nonai,xgboost_point,energy,4.306147407515545,通过:MAPE降幅=8.0%,4.51927678962182,0.0348,False
energy|RegionC|nonai,qrf_quantile,energy,4.175065817359411,通过:MAPE降幅=10.8%,4.359844866413458,0.0689,True
energy|RegionC|nonai,lgbm_quantile,energy,4.155909813144132,通过:MAPE降幅=11.2%,4.329170825331693,0.0754,True
energy|RegionC|nonai,gbm_quantile,energy,4.10623743630978,通过:MAPE降幅=12.3%,3.7713111242460537,0.1945,True
energy|RegionC|nonai,deep_lstm,energy,4.5642714529598365,拒绝:MAPE降幅=2.5%(<5%),6.13970664331217,-0.3113,False
energy|RegionC|nonai,deep_tcn,energy,4.840644641934214,拒绝:MAPE降幅=-3.4%(<5%),6.762390793462261,-0.4443,False
energy|RegionC|nonai,tabpfn,energy,3.931130051234896,通过:MAPE降幅=16.0%,4.323817225012737,0.0765,True
energy|RegionD|nonai,lgbm_point,energy,12.197124459976326,通过:MAPE降幅=21.2%,7.7230153235466,0.5009,True
energy|RegionD|nonai,xgboost_point,energy,12.01079824946088,通过:MAPE降幅=22.4%,7.301006278314187,0.5281,True
energy|RegionD|nonai,qrf_quantile,energy,12.110055593519125,通过:MAPE降幅=21.7%,6.823177020407132,0.559,True
energy|RegionD|nonai,lgbm_quantile,energy,12.15132110885203,通过:MAPE降幅=21.5%,8.277500886397734,0.465,True
energy|RegionD|nonai,gbm_quantile,energy,11.867883027664789,通过:MAPE降幅=23.3%,6.844701828443663,0.5576,True
energy|RegionD|nonai,deep_lstm,energy,12.528433660397216,通过:MAPE降幅=19.0%,7.461089008841625,0.5178,True
energy|RegionD|nonai,deep_tcn,energy,12.87859895404256,通过:MAPE降幅=16.8%,9.2886803575353,0.3997,True
energy|RegionD|nonai,tabpfn,energy,11.402062765892127,通过:MAPE降幅=26.3%,7.42051978838925,0.5204,True
energy|RegionE|nonai,lgbm_point,energy,10.847015997785205,通过:MAPE降幅=14.9%,16.940294763939065,-0.3293,False
energy|RegionE|nonai,xgboost_point,energy,10.42247374814041,通过:MAPE降幅=18.2%,15.593941778795003,-0.2236,False
energy|RegionE|nonai,qrf_quantile,energy,10.80006678653472,通过:MAPE降幅=15.3%,15.452409183356588,-0.2125,False
energy|RegionE|nonai,lgbm_quantile,energy,11.049993781061405,通过:MAPE降幅=13.3%,16.469386443508498,-0.2923,False
energy|RegionE|nonai,gbm_quantile,energy,10.761526209178047,通过:MAPE降幅=15.6%,16.47621369081766,-0.2929,False
energy|RegionE|nonai,deep_lstm,energy,10.4384442600573,通过:MAPE降幅=18.1%,24.05266912039583,-0.8874,False
energy|RegionE|nonai,deep_tcn,energy,10.675059260589148,通过:MAPE降幅=16.2%,24.168934825667428,-0.8965,False
energy|RegionE|nonai,tabpfn,energy,9.687312290127588,通过:MAPE降幅=24.0%,13.481363893753532,-0.0579,False
energy|RegionF|nonai,lgbm_point,energy,8.865633043775896,通过:MAPE降幅=14.3%,15.682932959000247,-0.5156,False
energy|RegionF|nonai,xgboost_point,energy,8.662715402070159,通过:MAPE降幅=16.3%,16.303602164695977,-0.5755,False
energy|RegionF|nonai,qrf_quantile,energy,8.703512145052583,通过:MAPE降幅=15.9%,15.090171182606626,-0.4583,False
energy|RegionF|nonai,lgbm_quantile,energy,8.856212975027143,通过:MAPE降幅=14.4%,14.255533907069099,-0.3776,False
energy|RegionF|nonai,gbm_quantile,energy,8.65133796566915,通过:MAPE降幅=16.4%,14.60606960485249,-0.4115,False
energy|RegionF|nonai,deep_lstm,energy,9.09365449557746,通过:MAPE降幅=12.1%,16.898375823770007,-0.633,False
energy|RegionF|nonai,deep_tcn,energy,9.596331946121447,通过:MAPE降幅=7.3%,20.925388808446886,-1.0222,False
energy|RegionF|nonai,tabpfn,energy,8.183260446874316,通过:MAPE降幅=20.9%,13.463670237059855,-0.3011,False
